-- phpMyAdmin SQL Dump
-- version 5.1.1
-- https://www.phpmyadmin.net/
--
-- Host: 127.0.0.1
-- Gegenereerd op: 13 sep 2021 om 15:04
-- Serverversie: 10.4.19-MariaDB
-- PHP-versie: 8.0.7

SET SQL_MODE = "NO_AUTO_VALUE_ON_ZERO";
START TRANSACTION;
SET time_zone = "+00:00";


/*!40101 SET @OLD_CHARACTER_SET_CLIENT=@@CHARACTER_SET_CLIENT */;
/*!40101 SET @OLD_CHARACTER_SET_RESULTS=@@CHARACTER_SET_RESULTS */;
/*!40101 SET @OLD_COLLATION_CONNECTION=@@COLLATION_CONNECTION */;
/*!40101 SET NAMES utf8mb4 */;

--
-- Database: `bigfoot`
--

-- --------------------------------------------------------

--
-- Tabelstructuur voor tabel `brands`
--

CREATE TABLE `brands` (
  `id` int(11) NOT NULL,
  `name` varchar(255) NOT NULL
) ENGINE=InnoDB DEFAULT CHARSET=utf8mb4;

--
-- Gegevens worden geëxporteerd voor tabel `brands`
--

INSERT INTO `brands` (`id`, `name`) VALUES
(15535, 'Capezio'),
(15536, 'CTM'),
(15537, 'LAVRA'),
(15538, 'The Highest Heel'),
(15539, 'Drew'),
(15540, 'Propet'),
(15541, 'MyPartyShirt'),
(15542, 'Aerosoles'),
(15543, 'Softwalk'),
(15544, 'Skechers'),
(15545, 'Ellie Shoes'),
(15546, 'Pleaser'),
(15547, 'Simlu'),
(15548, 'UGG'),
(15549, 'Ariat'),
(15550, 'Tanleewa'),
(15551, 'WalterDrake'),
(15552, 'Alotta Knits'),
(15553, 'Dolce Vita'),
(15554, 'Yellow Box'),
(15555, 'Forever Link'),
(15556, 'Miz Mooz'),
(15557, 'New Balance'),
(15558, 'Steve Madden'),
(15559, 'Penny Loves Kenny'),
(15560, 'Puma'),
(15561, 'Asics'),
(15562, 'Lauren Ralph Lauren'),
(15563, 'Charles By Charles David'),
(15564, 'Lifestride'),
(15565, 'Muck Boot Company'),
(15566, 'Toms'),
(15567, 'Reebok'),
(15568, 'SOREL'),
(15569, 'Tretorn'),
(15570, 'Exotic Identity'),
(15571, 'Madden Girl'),
(15572, 'Vans'),
(15573, 'INC International Concepts'),
(15574, 'Avia'),
(15575, 'Grasshoppers'),
(15576, 'Under Armour'),
(15577, 'Mizuno'),
(15578, 'THEATRICALS'),
(15579, 'Ahnu'),
(15580, 'Baretraps'),
(15581, 'Trotters'),
(15582, 'Ros Hommerson'),
(15583, 'SAS'),
(15584, 'Easy Street'),
(15585, 'easy-street'),
(15586, 'Dr. Scholl\'s Shoes'),
(15587, 'Palladium'),
(15588, 'FRANCO SARTO'),
(15589, 'Sperry Top -Sider'),
(15590, 'Coach'),
(15591, 'ryka'),
(15592, 'Carlos by Carlo Santana'),
(15593, 'MICHAEL Michael Kors'),
(15594, 'TuffRider'),
(15595, 'Jambu'),
(15596, 'Not Rated'),
(15597, 'Unique Bargains'),
(15598, 'Corral'),
(15599, 'white-mountain'),
(15600, 'Brooks'),
(15601, 'sperry-top-sider'),
(15602, 'Vionic'),
(15603, 'Bjorndal'),
(15604, 'Beacon Shoes'),
(15605, 'Callisto'),
(15606, 'Steven by Steve Madden'),
(15607, 'Peerage'),
(15608, 'Brinley Co.'),
(15609, 'Bellini'),
(15610, 'Fuzzy'),
(15611, 'Fergie Shoes'),
(15612, 'Chinese Laundry'),
(15613, 'J75'),
(15614, 'Twisted X Boots'),
(15615, 'Fergalicious'),
(15616, 'White Mountain'),
(15617, 'Alfani'),
(15618, 'Bella Vita'),
(15619, 'Rialto'),
(15620, 'David Tate'),
(15621, 'Giani Bernini'),
(15622, 'Soft Style'),
(15623, 'Floral'),
(15624, 'Indigo Rd.'),
(15625, 'Genuine Grip'),
(15626, 'Vionic with Orthaheel Technology'),
(15627, 'Dr. Comfort'),
(15628, 'Timberland PRO'),
(15629, 'Aeorosoles'),
(15630, 'Dyeables'),
(15631, 'Faded Glory'),
(15632, 'The Walking Cradle Company'),
(15633, 'Marc Joseph New York'),
(15634, 'Vaneli'),
(15635, 'Easy Spirit'),
(15636, 'Vasque'),
(15637, 'ARRAY'),
(15638, 'Rock Candy'),
(15639, 'Style Co.'),
(15640, 'A2 by Aerosoles'),
(15641, 'Comfortiva'),
(15642, 'OwnShoe'),
(15643, 'diba-true'),
(15644, 'Carlos by Carlos Santana'),
(15645, 'Genuine Grip Footwear'),
(15646, 'Adidas'),
(15647, 'Diba True'),
(15648, 'jbu-by-jambu'),
(15649, 'Lamo'),
(15650, 'Gentle Souls by Kenneth Cole'),
(15651, 'Benjamin Walk Dyeables'),
(15652, 'Benjamin Walk'),
(15653, 'Touch Ups'),
(15654, 'Old West'),
(15655, 'Dan Post'),
(15656, 'Beacon'),
(15657, 'Naturalizer'),
(15658, 'Michael By Michael Shannon'),
(15659, 'Sam Edelman'),
(15660, 'Soft Style by Hush Puppies'),
(15661, 'Muck'),
(15662, 'Call It Spring'),
(15663, 'Revelstoke'),
(15664, '1.STATE'),
(15665, 'Volatile'),
(15666, 'Qupid'),
(15667, 'Caterpillar'),
(15668, 'Naughty Monkey'),
(15669, 'Very Volatile'),
(15670, 'Delicious'),
(15671, 'Wild Diva'),
(15672, 'Carter\'s'),
(15673, 'FOREVER'),
(15674, 'Fitflop'),
(15675, 'Haughty'),
(15676, 'Fila'),
(15677, 'Annie'),
(15678, 'Charles David'),
(15679, 'MAH'),
(15680, 'Carlos'),
(15681, 'Bogs'),
(15682, 'City Classified'),
(15683, 'Soda'),
(15684, 'J. Adams'),
(15685, 'Liliana'),
(15686, 'Breckelle\'s'),
(15687, 'Unknown'),
(15688, 'Fourever Funky'),
(15689, 'Bamboo Brand'),
(15690, 'EasySteps'),
(15691, 'Sara Z'),
(15692, 'K-Swiss'),
(15693, 'DBDK'),
(15694, 'De Blossom'),
(15695, 'Bamboo'),
(15696, 'ONLINE'),
(15697, 'Charles Albert'),
(15698, 'Jack Rogers'),
(15699, 'Blowfish'),
(15700, 'Khombu'),
(15701, 'Sanuk'),
(15702, 'Bar III'),
(15703, 'Saucony'),
(15704, 'Denim ampamp Co.'),
(15705, 'Schutz'),
(15706, 'LifeStride Shoes'),
(15707, 'Circle G'),
(15708, 'Top Moda'),
(15709, 'Breckelles'),
(15710, 'Refresh'),
(15711, 'keds'),
(15712, 'AXNY'),
(15713, 'P.amzbrand'),
(15714, 'Diba'),
(15715, 'Skechers Work'),
(15716, 'Bloch'),
(15717, 'Cape Robbin'),
(15718, 'Bumper'),
(15719, 'Blossom'),
(15720, 'Cole Haan'),
(15721, 'Bare Traps'),
(15722, 'Soho Shoes'),
(15723, 'BLUE SUEDE SHOES'),
(15724, 'Nature Breeze'),
(15725, 'BETANI'),
(15726, 'Aldo'),
(15727, 'Dirty Laundry'),
(15728, 'Shoelala'),
(15729, 'Cliffs by White Mountain'),
(15730, 'Silent D'),
(15731, 'Mark and Maddux'),
(15732, 'Glaze'),
(15733, 'Sugar'),
(15734, 'Victoria K.'),
(15735, 'Not Just a Pump'),
(15736, 'Answer 2'),
(15737, 'Qupidnbsp'),
(15738, 'ZIGI SOHO'),
(15739, 'Earth Origin'),
(15740, 'Ziginy'),
(15741, 'Life Stride'),
(15742, 'Enimay'),
(15743, 'Seven Dials'),
(15744, 'DOUBLEP'),
(15745, 'Anthony Wang'),
(15746, 'Wolverine'),
(15747, 'Hi-Tec'),
(15748, 'Forever Young'),
(15749, 'SNJ'),
(15750, 'Wild Rose'),
(15751, 'CREVO'),
(15752, 'Comfeite'),
(15753, 'George'),
(15754, 'Time and Tru'),
(15755, 'Spring Step'),
(15756, 'Karyn\'s Collection'),
(15757, 'CityClassified'),
(15758, 'Noble Outfitters'),
(15759, 'Sbicca'),
(15760, 'Sporto'),
(15761, 'L4L by Lust for Life'),
(15762, 'heal-usa'),
(15763, 'IZOD'),
(15764, 'DAYA BY ZENDAYA'),
(15765, 'Silver Dew'),
(15766, 'lauren-by-ralph-lauren'),
(15767, 'Earth'),
(15768, 'Static Footwear'),
(15769, 'Cute to the Core'),
(15770, 'lugz'),
(15771, 'Brian Atwood'),
(15772, 'Kaanas'),
(15773, 'Onitsuka Tiger'),
(15774, 'NEVADOS'),
(15775, 'Thalia Sodi'),
(15776, 'durango'),
(15777, 'charles-by-charles-david'),
(15778, 'Stuart Weitzman'),
(15779, 'Guess'),
(15780, 'Adriana'),
(15781, 'Emeril Lagasse Footwear'),
(15782, 'Nomad'),
(15783, 'Material Girl'),
(15784, 'Bees By Beacon'),
(15785, 'Fergie Footwear'),
(15786, 'Faux Suede'),
(15787, 'Kate Spade New York'),
(15788, 'J/SLIDES'),
(15789, 'J.Rene'),
(15790, 'X2B'),
(15791, 'Latigo'),
(15792, 'Softspots'),
(15793, 'G by Guess'),
(15794, 'mobils by Mephisto'),
(15795, 'Chaco'),
(15796, 'Report'),
(15797, 'Apex'),
(15798, 'BEARPAW'),
(15799, 'BUSSOLA'),
(15800, 'JBU'),
(15801, 'YOKI'),
(15802, 'Melrose Ave'),
(15803, 'Old Gringo'),
(15804, 'steve-madden'),
(15805, 'J. Renee'),
(15806, 'XOXO'),
(15807, 'Eva Zoe'),
(15808, 'XAPPEAL'),
(15809, 'Sand Storm'),
(15810, 'jack-rogers'),
(15811, 'Topo Athletic'),
(15812, 'Eddie Bauer'),
(15813, 'Aravon'),
(15814, 'Impo'),
(15815, 'Franco Fortini'),
(15816, 'Mark Nason'),
(15817, 'CAT'),
(15818, 'CAT Footwear'),
(15819, 'Soda Shoes'),
(15820, 'Sperry'),
(15821, 'Premiere Fashion'),
(15822, 'Koolaburra by UGG'),
(15823, 'bed:Stu'),
(15824, 'Born'),
(15825, 'Michael Antonio'),
(15826, 'Rampage'),
(15827, 'Circus by Sam Edelman'),
(15828, 'Michael Kors'),
(15829, 'ELLIE'),
(15830, 'drew-shoe'),
(15831, 'Shop Pretty Girl'),
(15832, 'Bonnibel'),
(15833, 'carlos-by-carlos-santana'),
(15834, 'Bella Marie'),
(15835, 'Carrini'),
(15836, 'MYLEYON'),
(15837, 'Sperry Top-Sider'),
(15838, 'Shoes of Soul'),
(15839, 'SC Home Collection'),
(15840, 'Bernie Mev'),
(15841, 'miz-mooz'),
(15842, 'Bronx'),
(15843, 'Alegria by PG Lite'),
(15844, 'Flexus'),
(15845, 'THPRO'),
(15846, 'El Naturalista'),
(15847, 'L\'Artiste by Spring Step'),
(15848, 'NK FASHION'),
(15849, 'Just Bad Ass T Shirts'),
(15850, 'American Rag'),
(15851, 'Aquatalia'),
(15852, 'Sorel Footwear'),
(15853, 'Dr. Scholl\'S'),
(15854, 'wave');

-- --------------------------------------------------------

--
-- Tabelstructuur voor tabel `brands_models`
--

CREATE TABLE `brands_models` (
  `id` int(11) NOT NULL,
  `brands_id` int(11) NOT NULL,
  `models_id` int(11) NOT NULL
) ENGINE=InnoDB DEFAULT CHARSET=utf8mb4;

--
-- Gegevens worden geëxporteerd voor tabel `brands_models`
--

INSERT INTO `brands_models` (`id`, `brands_id`, `models_id`) VALUES
(28850, 15535, 19969),
(28851, 15536, 19970),
(28852, 15536, 19971),
(28853, 15537, 19972),
(28854, 15538, 19973),
(28855, 15538, 19974),
(28856, 15538, 19975),
(28857, 15538, 19975),
(28858, 15539, 19976),
(28859, 15539, 19976),
(28860, 15540, 19977),
(28861, 15541, 19978),
(28862, 15542, 19979),
(28863, 15542, 19980),
(28864, 15543, 19981),
(28865, 15543, 19982),
(28866, 15544, 19983),
(28867, 15544, 19983),
(28868, 15544, 19984),
(28869, 15544, 19985),
(28870, 15544, 19985),
(28871, 15544, 19985),
(28872, 15545, 19986),
(28873, 15545, 19987),
(28874, 15545, 19987),
(28875, 15545, 19988),
(28876, 15545, 19988),
(28877, 15545, 19989),
(28878, 15545, 19989),
(28879, 15546, 19990),
(28880, 15546, 19991),
(28881, 15546, 19992),
(28882, 15546, 19993),
(28883, 15546, 19993),
(28884, 15546, 19993),
(28885, 15546, 19993),
(28886, 15546, 19994),
(28887, 15546, 19995),
(28888, 15546, 19995),
(28889, 15546, 19995),
(28890, 15546, 19996),
(28891, 15546, 19996),
(28892, 15546, 19997),
(28893, 15546, 19997),
(28894, 15546, 19998),
(28895, 15546, 19999),
(28896, 15547, 20000),
(28897, 15548, 20001),
(28898, 15549, 20002),
(28899, 15550, 20003),
(28900, 15550, 20004),
(28901, 15550, 20004),
(28902, 15551, 20005),
(28903, 15552, 20006),
(28904, 15553, 20007),
(28905, 15554, 20008),
(28906, 15555, 20009),
(28907, 15555, 20009),
(28908, 15556, 20010),
(28909, 15557, 20011),
(28910, 15557, 20012),
(28911, 15557, 20013),
(28912, 15558, 20014),
(28913, 15558, 20015),
(28914, 15559, 20016),
(28915, 15560, 20017),
(28916, 15560, 20018),
(28917, 15561, 20019),
(28918, 15562, 20020),
(28919, 15562, 20021),
(28920, 15563, 20022),
(28921, 15563, 20023),
(28922, 15563, 20024),
(28923, 15563, 20025),
(28924, 15564, 20026),
(28925, 15564, 20027),
(28926, 15565, 20028),
(28927, 15565, 20029),
(28928, 15565, 20030),
(28929, 15566, 20031),
(28930, 15566, 20032),
(28931, 15566, 20033),
(28932, 15566, 20034),
(28933, 15567, 20035),
(28934, 15567, 20035),
(28935, 15568, 20036),
(28936, 15569, 20037),
(28937, 15569, 20038),
(28938, 15569, 20039),
(28939, 15569, 20040),
(28940, 15569, 20041),
(28941, 15569, 20042),
(28942, 15570, 20043),
(28943, 15570, 20043),
(28944, 15571, 20044),
(28945, 15571, 20045),
(28946, 15572, 20046),
(28947, 15572, 20047),
(28948, 15572, 20048),
(28949, 15573, 20049),
(28950, 15574, 20050),
(28951, 15574, 20051),
(28952, 15574, 20051),
(28953, 15574, 20051),
(28954, 15574, 20052),
(28955, 15574, 20053),
(28956, 15574, 20054),
(28957, 15574, 20055),
(28958, 15575, 20056),
(28959, 15575, 20057),
(28960, 15575, 20057),
(28961, 15575, 20058),
(28962, 15575, 20059),
(28963, 15575, 20059),
(28964, 15575, 20060),
(28965, 15575, 20060),
(28966, 15576, 20061),
(28967, 15576, 20061),
(28968, 15577, 20062),
(28969, 15577, 20063),
(28970, 15577, 20064),
(28971, 15577, 20064),
(28972, 15577, 20064),
(28973, 15577, 20065),
(28974, 15577, 20065),
(28975, 15577, 20066),
(28976, 15577, 20067),
(28977, 15578, 20068),
(28978, 15578, 20069),
(28979, 15579, 20070),
(28980, 15579, 20071),
(28981, 15579, 20071),
(28982, 15579, 20072),
(28983, 15579, 20073),
(28984, 15579, 20074),
(28985, 15579, 20075),
(28986, 15579, 20076),
(28987, 15579, 20077),
(28988, 15580, 20078),
(28989, 15581, 20079),
(28990, 15582, 20080),
(28991, 15583, 20081),
(28992, 15583, 20081),
(28993, 15584, 20082),
(28994, 15585, 20083),
(28995, 15585, 20084),
(28996, 15585, 20084),
(28997, 15586, 20085),
(28998, 15586, 20086),
(28999, 15586, 20087),
(29000, 15587, 20088),
(29001, 15587, 20089),
(29002, 15587, 20090),
(29003, 15587, 20090),
(29004, 15588, 20091),
(29005, 15589, 20092),
(29006, 15589, 20093),
(29007, 15589, 20094),
(29008, 15589, 20095),
(29009, 15589, 20096),
(29010, 15590, 20097),
(29011, 15590, 20098),
(29012, 15590, 20098),
(29013, 15591, 20099),
(29014, 15592, 20100),
(29015, 15593, 20101),
(29016, 15593, 20102),
(29017, 15593, 20103),
(29018, 15594, 20104),
(29019, 15595, 20105),
(29020, 15596, 20106),
(29021, 15597, 20107),
(29022, 15597, 20108),
(29023, 15598, 20109),
(29024, 15599, 20110),
(29025, 15599, 20111),
(29026, 15600, 20112),
(29027, 15600, 20112),
(29028, 15601, 20113),
(29029, 15601, 20114),
(29030, 15601, 20115),
(29031, 15601, 20116),
(29032, 15602, 20117),
(29033, 15602, 20118),
(29034, 15602, 20119),
(29035, 15603, 20120),
(29036, 15603, 20121),
(29037, 15603, 20122),
(29038, 15603, 20123),
(29039, 15603, 20124),
(29040, 15603, 20124),
(29041, 15604, 20125),
(29042, 15605, 20126),
(29043, 15606, 20127),
(29044, 15606, 20128),
(29045, 15606, 20129),
(29046, 15606, 20130),
(29047, 15607, 20131),
(29048, 15608, 20132),
(29049, 15609, 20133),
(29050, 15609, 20134),
(29051, 15609, 20135),
(29052, 15609, 20136),
(29053, 15609, 20137),
(29054, 15609, 20138),
(29055, 15609, 20139),
(29056, 15610, 20140),
(29057, 15611, 20141),
(29058, 15612, 20142),
(29059, 15613, 20143),
(29060, 15613, 20144),
(29061, 15614, 20145),
(29062, 15615, 20146),
(29063, 15615, 20147),
(29064, 15615, 20148),
(29065, 15616, 20149),
(29066, 15616, 20150),
(29067, 15616, 20150),
(29068, 15617, 20151),
(29069, 15617, 20152),
(29070, 15617, 20153),
(29071, 15617, 20154),
(29072, 15618, 20155),
(29073, 15619, 20156),
(29074, 15619, 20157),
(29075, 15619, 20158),
(29076, 15620, 20159),
(29077, 15621, 20160),
(29078, 15621, 20161),
(29079, 15621, 20162),
(29080, 15621, 20163),
(29081, 15621, 20164),
(29082, 15621, 20165),
(29083, 15621, 20165),
(29084, 15622, 20166),
(29085, 15623, 20167),
(29086, 15623, 20168),
(29087, 15624, 20169),
(29088, 15624, 20170),
(29089, 15624, 20171),
(29090, 15625, 20172),
(29091, 15625, 20173),
(29092, 15626, 20174),
(29093, 15626, 20175),
(29094, 15626, 20176),
(29095, 15627, 20177),
(29096, 15628, 20178),
(29097, 15628, 20178),
(29098, 15628, 20179),
(29099, 15629, 20180),
(29100, 15630, 20181),
(29101, 15630, 20181),
(29102, 15631, 20182),
(29103, 15631, 20183),
(29104, 15631, 20184),
(29105, 15631, 20185),
(29106, 15631, 20186),
(29107, 15632, 20187),
(29108, 15633, 20188),
(29109, 15634, 20189),
(29110, 15634, 20190),
(29111, 15634, 20191),
(29112, 15635, 20192),
(29113, 15636, 20193),
(29114, 15636, 20194),
(29115, 15636, 20195),
(29116, 15636, 20195),
(29117, 15636, 20195),
(29118, 15636, 20196),
(29119, 15636, 20197),
(29120, 15636, 20198),
(29121, 15636, 20198),
(29122, 15636, 20199),
(29123, 15636, 20199),
(29124, 15637, 20200),
(29125, 15637, 20200),
(29126, 15638, 20201),
(29127, 15638, 20201),
(29128, 15638, 20201),
(29129, 15638, 20201),
(29130, 15638, 20202),
(29131, 15638, 20203),
(29132, 15638, 20204),
(29133, 15638, 20205),
(29134, 15638, 20206),
(29135, 15638, 20207),
(29136, 15638, 20208),
(29137, 15638, 20209),
(29138, 15638, 20210),
(29139, 15638, 20211),
(29140, 15638, 20212),
(29141, 15639, 20213),
(29142, 15639, 20214),
(29143, 15639, 20215),
(29144, 15639, 20215),
(29145, 15639, 20216),
(29146, 15639, 20217),
(29147, 15639, 20218),
(29148, 15639, 20218),
(29149, 15639, 20219),
(29150, 15639, 20220),
(29151, 15640, 20221),
(29152, 15640, 20221),
(29153, 15640, 20222),
(29154, 15640, 20222),
(29155, 15640, 20222),
(29156, 15640, 20223),
(29157, 15640, 20223),
(29158, 15640, 20223),
(29159, 15640, 20223),
(29160, 15640, 20223),
(29161, 15640, 20223),
(29162, 15640, 20223),
(29163, 15640, 20224),
(29164, 15640, 20224),
(29165, 15640, 20225),
(29166, 15641, 20226),
(29167, 15641, 20226),
(29168, 15641, 20226),
(29169, 15641, 20226),
(29170, 15641, 20226),
(29171, 15641, 20226),
(29172, 15641, 20227),
(29173, 15641, 20228),
(29174, 15641, 20229),
(29175, 15642, 20230),
(29176, 15643, 20231),
(29177, 15643, 20232),
(29178, 15643, 20233),
(29179, 15643, 20233),
(29180, 15643, 20233),
(29181, 15643, 20233),
(29182, 15643, 20234),
(29183, 15643, 20234),
(29184, 15643, 20235),
(29185, 15643, 20236),
(29186, 15643, 20237),
(29187, 15643, 20238),
(29188, 15643, 20239),
(29189, 15643, 20240),
(29190, 15643, 20241),
(29191, 15644, 20242),
(29192, 15644, 20243),
(29193, 15644, 20244),
(29194, 15644, 20244),
(29195, 15644, 20244),
(29196, 15644, 20245),
(29197, 15644, 20246),
(29198, 15644, 20246),
(29199, 15644, 20246),
(29200, 15644, 20246),
(29201, 15644, 20247),
(29202, 15644, 20247),
(29203, 15644, 20247),
(29204, 15644, 20247),
(29205, 15644, 20247),
(29206, 15644, 20247),
(29207, 15644, 20248),
(29208, 15644, 20248),
(29209, 15644, 20248),
(29210, 15645, 20249),
(29211, 15645, 20249),
(29212, 15645, 20249),
(29213, 15645, 20249),
(29214, 15646, 20250),
(29215, 15646, 20251),
(29216, 15646, 20251),
(29217, 15646, 20252),
(29218, 15646, 20253),
(29219, 15647, 20254),
(29220, 15647, 20254),
(29221, 15647, 20254),
(29222, 15647, 20255),
(29223, 15647, 20255),
(29224, 15647, 20256),
(29225, 15647, 20256),
(29226, 15647, 20257),
(29227, 15647, 20258),
(29228, 15647, 20259),
(29229, 15647, 20260),
(29230, 15647, 20261),
(29231, 15647, 20262),
(29232, 15647, 20262),
(29233, 15647, 20263),
(29234, 15647, 20263),
(29235, 15647, 20264),
(29236, 15647, 20264),
(29237, 15647, 20264),
(29238, 15647, 20264),
(29239, 15647, 20264),
(29240, 15647, 20264),
(29241, 15647, 20264),
(29242, 15647, 20264),
(29243, 15647, 20265),
(29244, 15648, 20266),
(29245, 15649, 20267),
(29246, 15649, 20268),
(29247, 15649, 20269),
(29248, 15649, 20270),
(29249, 15649, 20271),
(29250, 15649, 20272),
(29251, 15650, 20273),
(29252, 15650, 20274),
(29253, 15650, 20274),
(29254, 15650, 20274),
(29255, 15650, 20275),
(29256, 15651, 20276),
(29257, 15652, 20277),
(29258, 15653, 20278),
(29259, 15653, 20279),
(29260, 15653, 20279),
(29261, 15653, 20280),
(29262, 15653, 20281),
(29263, 15653, 20282),
(29264, 15653, 20283),
(29265, 15653, 20284),
(29266, 15653, 20284),
(29267, 15653, 20285),
(29268, 15653, 20286),
(29269, 15653, 20287),
(29270, 15654, 20288),
(29271, 15654, 20288),
(29272, 15654, 20288),
(29273, 15654, 20288),
(29274, 15655, 20289),
(29275, 15655, 20289),
(29276, 15655, 20289),
(29277, 15655, 20289),
(29278, 15655, 20290),
(29279, 15655, 20291),
(29280, 15656, 20292),
(29281, 15656, 20292),
(29282, 15656, 20293),
(29283, 15656, 20293),
(29284, 15656, 20293),
(29285, 15656, 20294),
(29286, 15656, 20295),
(29287, 15656, 20295),
(29288, 15656, 20296),
(29289, 15656, 20297),
(29290, 15656, 20297),
(29291, 15656, 20297),
(29292, 15656, 20298),
(29293, 15657, 20299),
(29294, 15658, 20300),
(29295, 15658, 20301),
(29296, 15659, 20302),
(29297, 15659, 20302),
(29298, 15660, 20303),
(29299, 15660, 20304),
(29300, 15660, 20304),
(29301, 15660, 20304),
(29302, 15660, 20304),
(29303, 15660, 20304),
(29304, 15661, 20305),
(29305, 15662, 20306),
(29306, 15662, 20306),
(29307, 15663, 20307),
(29308, 15664, 20308),
(29309, 15665, 20309),
(29310, 15665, 20310),
(29311, 15665, 20311),
(29312, 15666, 20312),
(29313, 15666, 20312),
(29314, 15667, 20313),
(29315, 15668, 20314),
(29316, 15669, 20315),
(29317, 15670, 20316),
(29318, 15671, 20317),
(29319, 15672, 20318),
(29320, 15673, 20319),
(29321, 15673, 20319),
(29322, 15673, 20319),
(29323, 15674, 20320),
(29324, 15674, 20321),
(29325, 15674, 20322),
(29326, 15674, 20322),
(29327, 15675, 20323),
(29328, 15675, 20323),
(29329, 15676, 20324),
(29330, 15677, 20325),
(29331, 15678, 20326),
(29332, 15678, 20326),
(29333, 15678, 20326),
(29334, 15678, 20327),
(29335, 15678, 20327),
(29336, 15678, 20328),
(29337, 15679, 20329),
(29338, 15680, 20330),
(29339, 15680, 20331),
(29340, 15680, 20331),
(29341, 15680, 20331),
(29342, 15680, 20332),
(29343, 15680, 20332),
(29344, 15681, 20333),
(29345, 15681, 20333),
(29346, 15682, 20334),
(29347, 15683, 20335),
(29348, 15684, 20336),
(29349, 15685, 20337),
(29350, 15685, 20338),
(29351, 15685, 20339),
(29352, 15686, 20340),
(29353, 15687, 20341),
(29354, 15687, 20341),
(29355, 15688, 20342),
(29356, 15689, 20343),
(29357, 15689, 20343),
(29358, 15689, 20344),
(29359, 15689, 20345),
(29360, 15690, 20346),
(29361, 15691, 20347),
(29362, 15692, 20348),
(29363, 15692, 20348),
(29364, 15692, 20349),
(29365, 15693, 20350),
(29366, 15693, 20351),
(29367, 15693, 20352),
(29368, 15694, 20353),
(29369, 15694, 20354),
(29370, 15695, 20355),
(29371, 15696, 20356),
(29372, 15696, 20357),
(29373, 15696, 20358),
(29374, 15696, 20358),
(29375, 15696, 20359),
(29376, 15696, 20360),
(29377, 15696, 20360),
(29378, 15696, 20360),
(29379, 15696, 20361),
(29380, 15696, 20362),
(29381, 15696, 20363),
(29382, 15696, 20364),
(29383, 15696, 20365),
(29384, 15697, 20366),
(29385, 15697, 20367),
(29386, 15697, 20368),
(29387, 15697, 20369),
(29388, 15697, 20369),
(29389, 15697, 20370),
(29390, 15697, 20370),
(29391, 15697, 20371),
(29392, 15697, 20372),
(29393, 15697, 20373),
(29394, 15697, 20374),
(29395, 15697, 20374),
(29396, 15697, 20375),
(29397, 15697, 20375),
(29398, 15697, 20376),
(29399, 15697, 20377),
(29400, 15697, 20377),
(29401, 15697, 20378),
(29402, 15697, 20378),
(29403, 15697, 20378),
(29404, 15697, 20379),
(29405, 15698, 20380),
(29406, 15699, 20381),
(29407, 15699, 20382),
(29408, 15700, 20383),
(29409, 15700, 20384),
(29410, 15700, 20384),
(29411, 15700, 20384),
(29412, 15700, 20385),
(29413, 15700, 20386),
(29414, 15700, 20387),
(29415, 15700, 20388),
(29416, 15700, 20388),
(29417, 15700, 20389),
(29418, 15700, 20389),
(29419, 15700, 20389),
(29420, 15700, 20389),
(29421, 15700, 20389),
(29422, 15700, 20390),
(29423, 15700, 20391),
(29424, 15700, 20391),
(29425, 15701, 20392),
(29426, 15701, 20393),
(29427, 15701, 20394),
(29428, 15702, 20395),
(29429, 15702, 20396),
(29430, 15702, 20396),
(29431, 15702, 20396),
(29432, 15702, 20396),
(29433, 15702, 20396),
(29434, 15702, 20396),
(29435, 15702, 20397),
(29436, 15702, 20398),
(29437, 15702, 20398),
(29438, 15702, 20399),
(29439, 15702, 20400),
(29440, 15702, 20400),
(29441, 15702, 20400),
(29442, 15702, 20400),
(29443, 15702, 20400),
(29444, 15702, 20401),
(29445, 15702, 20402),
(29446, 15702, 20403),
(29447, 15702, 20403),
(29448, 15702, 20404),
(29449, 15702, 20405),
(29450, 15702, 20406),
(29451, 15702, 20406),
(29452, 15702, 20407),
(29453, 15702, 20408),
(29454, 15702, 20409),
(29455, 15702, 20410),
(29456, 15702, 20411),
(29457, 15702, 20411),
(29458, 15702, 20412),
(29459, 15702, 20413),
(29460, 15703, 20414),
(29461, 15703, 20415),
(29462, 15703, 20416),
(29463, 15703, 20417),
(29464, 15703, 20418),
(29465, 15703, 20418),
(29466, 15703, 20418),
(29467, 15703, 20419),
(29468, 15703, 20420),
(29469, 15703, 20420),
(29470, 15703, 20421),
(29471, 15703, 20421),
(29472, 15703, 20421),
(29473, 15703, 20421),
(29474, 15703, 20421),
(29475, 15703, 20421),
(29476, 15703, 20421),
(29477, 15703, 20421),
(29478, 15703, 20421),
(29479, 15703, 20421),
(29480, 15703, 20422),
(29481, 15703, 20422),
(29482, 15703, 20422),
(29483, 15704, 20423),
(29484, 15704, 20424),
(29485, 15704, 20424),
(29486, 15704, 20424),
(29487, 15704, 20424),
(29488, 15704, 20424),
(29489, 15704, 20425),
(29490, 15704, 20425),
(29491, 15704, 20425),
(29492, 15704, 20425),
(29493, 15704, 20426),
(29494, 15704, 20427),
(29495, 15704, 20427),
(29496, 15704, 20427),
(29497, 15704, 20428),
(29498, 15704, 20428),
(29499, 15704, 20428),
(29500, 15704, 20428),
(29501, 15704, 20429),
(29502, 15704, 20430),
(29503, 15704, 20430),
(29504, 15704, 20430),
(29505, 15704, 20431),
(29506, 15704, 20432),
(29507, 15705, 20433),
(29508, 15705, 20433),
(29509, 15705, 20434),
(29510, 15705, 20434),
(29511, 15705, 20434),
(29512, 15705, 20434),
(29513, 15705, 20435),
(29514, 15705, 20436),
(29515, 15705, 20437),
(29516, 15705, 20437),
(29517, 15705, 20438),
(29518, 15705, 20438),
(29519, 15705, 20439),
(29520, 15705, 20439),
(29521, 15705, 20439),
(29522, 15705, 20440),
(29523, 15705, 20440),
(29524, 15705, 20441),
(29525, 15706, 20442),
(29526, 15707, 20443),
(29527, 15707, 20443),
(29528, 15707, 20444),
(29529, 15707, 20444),
(29530, 15707, 20444),
(29531, 15707, 20445),
(29532, 15707, 20445),
(29533, 15707, 20446),
(29534, 15707, 20447),
(29535, 15708, 20448),
(29536, 15708, 20449),
(29537, 15708, 20449),
(29538, 15708, 20450),
(29539, 15708, 20451),
(29540, 15709, 20452),
(29541, 15709, 20452),
(29542, 15709, 20452),
(29543, 15709, 20452),
(29544, 15709, 20453),
(29545, 15709, 20454),
(29546, 15709, 20454),
(29547, 15709, 20455),
(29548, 15710, 20456),
(29549, 15710, 20456),
(29550, 15710, 20456),
(29551, 15710, 20456),
(29552, 15710, 20456),
(29553, 15710, 20457),
(29554, 15710, 20458),
(29555, 15710, 20458),
(29556, 15710, 20459),
(29557, 15711, 20460),
(29558, 15711, 20461),
(29559, 15711, 20462),
(29560, 15711, 20463),
(29561, 15711, 20464),
(29562, 15711, 20465),
(29563, 15711, 20466),
(29564, 15711, 20467),
(29565, 15711, 20468),
(29566, 15711, 20469),
(29567, 15711, 20470),
(29568, 15711, 20470),
(29569, 15711, 20470),
(29570, 15711, 20470),
(29571, 15711, 20471),
(29572, 15711, 20472),
(29573, 15711, 20473),
(29574, 15711, 20474),
(29575, 15711, 20474),
(29576, 15712, 20475),
(29577, 15713, 20476),
(29578, 15713, 20476),
(29579, 15713, 20476),
(29580, 15713, 20476),
(29581, 15713, 20476),
(29582, 15713, 20477),
(29583, 15713, 20477),
(29584, 15714, 20478),
(29585, 15714, 20478),
(29586, 15714, 20479),
(29587, 15714, 20480),
(29588, 15714, 20481),
(29589, 15714, 20481),
(29590, 15714, 20481),
(29591, 15715, 20482),
(29592, 15716, 20483),
(29593, 15716, 20483),
(29594, 15716, 20484),
(29595, 15716, 20485),
(29596, 15716, 20486),
(29597, 15716, 20487),
(29598, 15716, 20488),
(29599, 15717, 20489),
(29600, 15717, 20489),
(29601, 15717, 20489),
(29602, 15717, 20490),
(29603, 15717, 20491),
(29604, 15718, 20492),
(29605, 15718, 20493),
(29606, 15718, 20494),
(29607, 15718, 20494),
(29608, 15718, 20495),
(29609, 15718, 20495),
(29610, 15719, 20496),
(29611, 15719, 20496),
(29612, 15719, 20496),
(29613, 15719, 20496),
(29614, 15719, 20497),
(29615, 15720, 20498),
(29616, 15720, 20499),
(29617, 15720, 20500),
(29618, 15720, 20500),
(29619, 15721, 20501),
(29620, 15721, 20501),
(29621, 15722, 20502),
(29622, 15722, 20502),
(29623, 15722, 20503),
(29624, 15722, 20503),
(29625, 15722, 20503),
(29626, 15722, 20504),
(29627, 15723, 20505),
(29628, 15724, 20506),
(29629, 15724, 20507),
(29630, 15724, 20507),
(29631, 15724, 20508),
(29632, 15725, 20509),
(29633, 15726, 20510),
(29634, 15726, 20511),
(29635, 15727, 20512),
(29636, 15727, 20513),
(29637, 15727, 20514),
(29638, 15727, 20515),
(29639, 15728, 20516),
(29640, 15728, 20516),
(29641, 15728, 20517),
(29642, 15728, 20518),
(29643, 15728, 20519),
(29644, 15728, 20520),
(29645, 15728, 20521),
(29646, 15729, 20522),
(29647, 15729, 20523),
(29648, 15729, 20524),
(29649, 15730, 20525),
(29650, 15730, 20526),
(29651, 15731, 20527),
(29652, 15732, 20528),
(29653, 15732, 20528),
(29654, 15733, 20529),
(29655, 15733, 20530),
(29656, 15733, 20531),
(29657, 15733, 20532),
(29658, 15733, 20532),
(29659, 15733, 20532),
(29660, 15733, 20532),
(29661, 15733, 20533),
(29662, 15733, 20534),
(29663, 15733, 20534),
(29664, 15733, 20534),
(29665, 15733, 20535),
(29666, 15733, 20536),
(29667, 15733, 20536),
(29668, 15733, 20537),
(29669, 15733, 20538),
(29670, 15733, 20538),
(29671, 15734, 20539),
(29672, 15734, 20540),
(29673, 15734, 20540),
(29674, 15734, 20540),
(29675, 15734, 20541),
(29676, 15735, 20542),
(29677, 15735, 20543),
(29678, 15735, 20544),
(29679, 15735, 20545),
(29680, 15735, 20545),
(29681, 15735, 20545),
(29682, 15735, 20546),
(29683, 15736, 20547),
(29684, 15736, 20548),
(29685, 15736, 20549),
(29686, 15736, 20550),
(29687, 15736, 20551),
(29688, 15736, 20551),
(29689, 15736, 20552),
(29690, 15737, 20553),
(29691, 15737, 20553),
(29692, 15737, 20554),
(29693, 15737, 20555),
(29694, 15737, 20556),
(29695, 15737, 20557),
(29696, 15737, 20557),
(29697, 15737, 20557),
(29698, 15737, 20557),
(29699, 15737, 20558),
(29700, 15738, 20559),
(29701, 15739, 20560),
(29702, 15739, 20561),
(29703, 15739, 20562),
(29704, 15740, 20563),
(29705, 15741, 20563),
(29706, 15741, 20563),
(29707, 15741, 20564),
(29708, 15741, 20565),
(29709, 15741, 20566),
(29710, 15741, 20567),
(29711, 15741, 20568),
(29712, 15741, 20569),
(29713, 15741, 20569),
(29714, 15741, 20570),
(29715, 15741, 20571),
(29716, 15741, 20572),
(29717, 15741, 20573),
(29718, 15741, 20574),
(29719, 15741, 20575),
(29720, 15742, 20576),
(29721, 15742, 20576),
(29722, 15742, 20577),
(29723, 15742, 20578),
(29724, 15742, 20579),
(29725, 15742, 20580),
(29726, 15742, 20581),
(29727, 15742, 20582),
(29728, 15742, 20582),
(29729, 15742, 20582),
(29730, 15742, 20583),
(29731, 15742, 20583),
(29732, 15742, 20584),
(29733, 15742, 20585),
(29734, 15742, 20585),
(29735, 15742, 20586),
(29736, 15742, 20587),
(29737, 15743, 20588),
(29738, 15743, 20589),
(29739, 15743, 20590),
(29740, 15743, 20591),
(29741, 15743, 20592),
(29742, 15743, 20592),
(29743, 15744, 20593),
(29744, 15745, 20594),
(29745, 15745, 20595),
(29746, 15745, 20595),
(29747, 15745, 20595),
(29748, 15745, 20595),
(29749, 15745, 20595),
(29750, 15745, 20595),
(29751, 15745, 20595),
(29752, 15745, 20595),
(29753, 15745, 20596),
(29754, 15745, 20596),
(29755, 15745, 20597),
(29756, 15745, 20597),
(29757, 15745, 20598),
(29758, 15745, 20599),
(29759, 15745, 20600),
(29760, 15745, 20601),
(29761, 15745, 20602),
(29762, 15745, 20603),
(29763, 15745, 20604),
(29764, 15745, 20605),
(29765, 15745, 20606),
(29766, 15745, 20607),
(29767, 15745, 20608),
(29768, 15745, 20609),
(29769, 15745, 20609),
(29770, 15745, 20610),
(29771, 15745, 20611),
(29772, 15745, 20611),
(29773, 15745, 20612),
(29774, 15745, 20612),
(29775, 15745, 20612),
(29776, 15745, 20612),
(29777, 15745, 20612),
(29778, 15745, 20612),
(29779, 15745, 20612),
(29780, 15745, 20612),
(29781, 15745, 20612),
(29782, 15745, 20612),
(29783, 15745, 20613),
(29784, 15745, 20614),
(29785, 15746, 20615),
(29786, 15746, 20616),
(29787, 15747, 20617),
(29788, 15747, 20617),
(29789, 15747, 20617),
(29790, 15747, 20618),
(29791, 15747, 20618),
(29792, 15747, 20619),
(29793, 15747, 20619),
(29794, 15747, 20620),
(29795, 15747, 20621),
(29796, 15748, 20622),
(29797, 15748, 20622),
(29798, 15748, 20622),
(29799, 15748, 20622),
(29800, 15748, 20622),
(29801, 15748, 20622),
(29802, 15748, 20622),
(29803, 15748, 20623),
(29804, 15748, 20623),
(29805, 15748, 20624),
(29806, 15748, 20625),
(29807, 15748, 20626),
(29808, 15748, 20627),
(29809, 15748, 20628),
(29810, 15749, 20629),
(29811, 15749, 20629),
(29812, 15749, 20630),
(29813, 15749, 20630),
(29814, 15749, 20631),
(29815, 15749, 20632),
(29816, 15749, 20632),
(29817, 15749, 20633),
(29818, 15749, 20634),
(29819, 15749, 20635),
(29820, 15749, 20636),
(29821, 15749, 20636),
(29822, 15749, 20636),
(29823, 15749, 20637),
(29824, 15749, 20638),
(29825, 15749, 20639),
(29826, 15749, 20640),
(29827, 15749, 20641),
(29828, 15749, 20642),
(29829, 15749, 20642),
(29830, 15749, 20643),
(29831, 15749, 20644),
(29832, 15749, 20644),
(29833, 15749, 20644),
(29834, 15749, 20644),
(29835, 15749, 20645),
(29836, 15749, 20645),
(29837, 15749, 20646),
(29838, 15750, 20647),
(29839, 15750, 20648),
(29840, 15750, 20649),
(29841, 15750, 20650),
(29842, 15750, 20651),
(29843, 15750, 20651),
(29844, 15750, 20651),
(29845, 15750, 20651),
(29846, 15750, 20651),
(29847, 15750, 20651),
(29848, 15750, 20651),
(29849, 15750, 20651),
(29850, 15750, 20651),
(29851, 15750, 20651),
(29852, 15750, 20651),
(29853, 15750, 20651),
(29854, 15750, 20651),
(29855, 15750, 20651),
(29856, 15750, 20651),
(29857, 15750, 20651),
(29858, 15750, 20652),
(29859, 15750, 20652),
(29860, 15750, 20652),
(29861, 15750, 20652),
(29862, 15750, 20653),
(29863, 15750, 20654),
(29864, 15750, 20654),
(29865, 15750, 20654),
(29866, 15750, 20655),
(29867, 15750, 20656),
(29868, 15750, 20656),
(29869, 15750, 20657),
(29870, 15750, 20658),
(29871, 15750, 20658),
(29872, 15750, 20658),
(29873, 15750, 20659),
(29874, 15750, 20659),
(29875, 15751, 20660),
(29876, 15751, 20661),
(29877, 15751, 20661),
(29878, 15751, 20662),
(29879, 15751, 20663),
(29880, 15751, 20663),
(29881, 15751, 20663),
(29882, 15751, 20663),
(29883, 15751, 20664),
(29884, 15751, 20664),
(29885, 15751, 20665),
(29886, 15751, 20666),
(29887, 15751, 20666),
(29888, 15751, 20667),
(29889, 15751, 20668),
(29890, 15751, 20668),
(29891, 15751, 20668),
(29892, 15751, 20669),
(29893, 15751, 20670),
(29894, 15751, 20671),
(29895, 15751, 20671),
(29896, 15751, 20672),
(29897, 15751, 20672),
(29898, 15751, 20672),
(29899, 15751, 20673),
(29900, 15751, 20674),
(29901, 15751, 20675),
(29902, 15751, 20675),
(29903, 15751, 20675),
(29904, 15751, 20676),
(29905, 15751, 20676),
(29906, 15751, 20676),
(29907, 15751, 20676),
(29908, 15751, 20676),
(29909, 15751, 20676),
(29910, 15751, 20676),
(29911, 15751, 20676),
(29912, 15751, 20676),
(29913, 15751, 20676),
(29914, 15751, 20676),
(29915, 15751, 20676),
(29916, 15751, 20676),
(29917, 15751, 20676),
(29918, 15751, 20676),
(29919, 15751, 20676),
(29920, 15751, 20676),
(29921, 15751, 20676),
(29922, 15752, 20677),
(29923, 15752, 20678),
(29924, 15752, 20679),
(29925, 15752, 20680),
(29926, 15752, 20681),
(29927, 15752, 20682),
(29928, 15752, 20683),
(29929, 15752, 20684),
(29930, 15752, 20684),
(29931, 15752, 20685),
(29932, 15752, 20686),
(29933, 15752, 20687),
(29934, 15752, 20688),
(29935, 15752, 20689),
(29936, 15752, 20689),
(29937, 15753, 20690),
(29938, 15754, 20691),
(29939, 15754, 20692),
(29940, 15754, 20692),
(29941, 15754, 20693),
(29942, 15754, 20694),
(29943, 15754, 20695),
(29944, 15754, 20696),
(29945, 15754, 20697),
(29946, 15754, 20698),
(29947, 15754, 20699),
(29948, 15754, 20699),
(29949, 15754, 20700),
(29950, 15754, 20700),
(29951, 15754, 20700),
(29952, 15755, 20701),
(29953, 15755, 20702),
(29954, 15755, 20703),
(29955, 15755, 20704),
(29956, 15755, 20705),
(29957, 15755, 20705),
(29958, 15755, 20705),
(29959, 15755, 20705),
(29960, 15755, 20706),
(29961, 15755, 20707),
(29962, 15755, 20708),
(29963, 15755, 20709),
(29964, 15755, 20710),
(29965, 15755, 20711),
(29966, 15755, 20712),
(29967, 15755, 20713),
(29968, 15755, 20713),
(29969, 15755, 20713),
(29970, 15755, 20714),
(29971, 15755, 20715),
(29972, 15755, 20715),
(29973, 15755, 20715),
(29974, 15755, 20715),
(29975, 15755, 20715),
(29976, 15755, 20715),
(29977, 15755, 20716),
(29978, 15756, 20717),
(29979, 15756, 20718),
(29980, 15756, 20719),
(29981, 15756, 20719),
(29982, 15756, 20719),
(29983, 15756, 20720),
(29984, 15756, 20721),
(29985, 15757, 20722),
(29986, 15757, 20722),
(29987, 15757, 20723),
(29988, 15757, 20723),
(29989, 15757, 20724),
(29990, 15757, 20725),
(29991, 15757, 20726),
(29992, 15757, 20726),
(29993, 15757, 20726),
(29994, 15757, 20727),
(29995, 15757, 20728),
(29996, 15757, 20729),
(29997, 15757, 20729),
(29998, 15757, 20729),
(29999, 15757, 20729),
(30000, 15757, 20729),
(30001, 15757, 20729),
(30002, 15757, 20729),
(30003, 15757, 20729),
(30004, 15757, 20729),
(30005, 15757, 20730),
(30006, 15757, 20730),
(30007, 15757, 20731),
(30008, 15757, 20731),
(30009, 15757, 20731),
(30010, 15758, 20732),
(30011, 15758, 20733),
(30012, 15758, 20733),
(30013, 15758, 20733),
(30014, 15759, 20734),
(30015, 15760, 20735),
(30016, 15760, 20736),
(30017, 15760, 20736),
(30018, 15760, 20737),
(30019, 15761, 20738),
(30020, 15761, 20738),
(30021, 15761, 20738),
(30022, 15761, 20738),
(30023, 15761, 20739),
(30024, 15761, 20740),
(30025, 15761, 20741),
(30026, 15761, 20741),
(30027, 15761, 20741),
(30028, 15761, 20742),
(30029, 15761, 20742),
(30030, 15761, 20742),
(30031, 15761, 20743),
(30032, 15761, 20744),
(30033, 15761, 20744),
(30034, 15761, 20744),
(30035, 15761, 20744),
(30036, 15761, 20744),
(30037, 15761, 20745),
(30038, 15761, 20746),
(30039, 15761, 20747),
(30040, 15761, 20748),
(30041, 15761, 20748),
(30042, 15761, 20748),
(30043, 15762, 20749),
(30044, 15762, 20749),
(30045, 15762, 20749),
(30046, 15762, 20750),
(30047, 15762, 20750),
(30048, 15762, 20750),
(30049, 15763, 20751),
(30050, 15763, 20751),
(30051, 15763, 20751),
(30052, 15763, 20752),
(30053, 15764, 20753),
(30054, 15764, 20754),
(30055, 15765, 20755),
(30056, 15765, 20755),
(30057, 15765, 20755),
(30058, 15765, 20755),
(30059, 15765, 20756),
(30060, 15765, 20756),
(30061, 15766, 20757),
(30062, 15766, 20758),
(30063, 15766, 20758),
(30064, 15767, 20759),
(30065, 15767, 20759),
(30066, 15767, 20759),
(30067, 15767, 20759),
(30068, 15768, 20760),
(30069, 15768, 20761),
(30070, 15768, 20762),
(30071, 15768, 20762),
(30072, 15769, 20763),
(30073, 15769, 20763),
(30074, 15769, 20763),
(30075, 15769, 20763),
(30076, 15769, 20763),
(30077, 15769, 20764),
(30078, 15769, 20764),
(30079, 15769, 20765),
(30080, 15769, 20765),
(30081, 15769, 20765),
(30082, 15769, 20765),
(30083, 15769, 20766),
(30084, 15769, 20766),
(30085, 15769, 20766),
(30086, 15769, 20766),
(30087, 15769, 20766),
(30088, 15769, 20767),
(30089, 15769, 20767),
(30090, 15769, 20768),
(30091, 15769, 20768),
(30092, 15769, 20768),
(30093, 15769, 20768),
(30094, 15769, 20769),
(30095, 15769, 20769),
(30096, 15769, 20769),
(30097, 15769, 20770),
(30098, 15769, 20770),
(30099, 15770, 20771),
(30100, 15770, 20771),
(30101, 15770, 20771),
(30102, 15770, 20772),
(30103, 15770, 20773),
(30104, 15770, 20774),
(30105, 15770, 20774),
(30106, 15770, 20774),
(30107, 15770, 20774),
(30108, 15770, 20774),
(30109, 15770, 20775),
(30110, 15770, 20775),
(30111, 15770, 20775),
(30112, 15770, 20775),
(30113, 15770, 20775),
(30114, 15770, 20776),
(30115, 15770, 20776),
(30116, 15770, 20776),
(30117, 15770, 20776),
(30118, 15770, 20776),
(30119, 15770, 20777),
(30120, 15770, 20777),
(30121, 15770, 20777),
(30122, 15770, 20777),
(30123, 15771, 20778),
(30124, 15771, 20778),
(30125, 15771, 20778),
(30126, 15771, 20778),
(30127, 15771, 20778),
(30128, 15771, 20778),
(30129, 15771, 20779),
(30130, 15771, 20780),
(30131, 15771, 20780),
(30132, 15771, 20781),
(30133, 15771, 20781),
(30134, 15771, 20781),
(30135, 15771, 20781),
(30136, 15771, 20781),
(30137, 15771, 20782),
(30138, 15771, 20783),
(30139, 15771, 20783),
(30140, 15772, 20784),
(30141, 15772, 20785),
(30142, 15772, 20785),
(30143, 15772, 20785),
(30144, 15772, 20786),
(30145, 15772, 20787),
(30146, 15772, 20788),
(30147, 15773, 20789),
(30148, 15773, 20789),
(30149, 15773, 20790),
(30150, 15773, 20790),
(30151, 15773, 20790),
(30152, 15773, 20791),
(30153, 15774, 20792),
(30154, 15774, 20793),
(30155, 15774, 20793),
(30156, 15774, 20793),
(30157, 15774, 20794),
(30158, 15774, 20794),
(30159, 15774, 20795),
(30160, 15774, 20795),
(30161, 15774, 20795),
(30162, 15774, 20796),
(30163, 15774, 20797),
(30164, 15774, 20797),
(30165, 15774, 20798),
(30166, 15774, 20798),
(30167, 15774, 20798),
(30168, 15774, 20799),
(30169, 15774, 20799),
(30170, 15774, 20799),
(30171, 15774, 20799),
(30172, 15774, 20799),
(30173, 15774, 20800),
(30174, 15774, 20800),
(30175, 15774, 20801),
(30176, 15774, 20801),
(30177, 15774, 20802),
(30178, 15774, 20802),
(30179, 15774, 20803),
(30180, 15774, 20803),
(30181, 15774, 20803),
(30182, 15774, 20803),
(30183, 15774, 20804),
(30184, 15775, 20805),
(30185, 15775, 20805),
(30186, 15775, 20806),
(30187, 15775, 20807),
(30188, 15775, 20807),
(30189, 15775, 20808),
(30190, 15775, 20808),
(30191, 15775, 20808),
(30192, 15775, 20809),
(30193, 15775, 20810),
(30194, 15775, 20810),
(30195, 15776, 20811),
(30196, 15776, 20811),
(30197, 15776, 20811),
(30198, 15776, 20811),
(30199, 15776, 20812),
(30200, 15776, 20812),
(30201, 15776, 20812),
(30202, 15776, 20812),
(30203, 15776, 20812),
(30204, 15776, 20813),
(30205, 15777, 20813),
(30206, 15777, 20813),
(30207, 15777, 20814),
(30208, 15777, 20815),
(30209, 15777, 20816),
(30210, 15777, 20817),
(30211, 15777, 20817),
(30212, 15777, 20817),
(30213, 15777, 20817),
(30214, 15777, 20817),
(30215, 15777, 20817),
(30216, 15777, 20818),
(30217, 15777, 20818),
(30218, 15777, 20818),
(30219, 15777, 20818),
(30220, 15778, 20819),
(30221, 15778, 20819),
(30222, 15778, 20820),
(30223, 15778, 20821),
(30224, 15778, 20821),
(30225, 15778, 20822),
(30226, 15778, 20823),
(30227, 15779, 20824),
(30228, 15779, 20825),
(30229, 15779, 20825),
(30230, 15779, 20825),
(30231, 15779, 20826),
(30232, 15779, 20827),
(30233, 15779, 20827),
(30234, 15779, 20828),
(30235, 15779, 20828),
(30236, 15779, 20828),
(30237, 15779, 20829),
(30238, 15779, 20829),
(30239, 15779, 20829),
(30240, 15779, 20829),
(30241, 15779, 20830),
(30242, 15779, 20831),
(30243, 15779, 20831),
(30244, 15779, 20832),
(30245, 15779, 20832),
(30246, 15779, 20833),
(30247, 15779, 20833),
(30248, 15779, 20834),
(30249, 15779, 20835),
(30250, 15779, 20835),
(30251, 15779, 20835),
(30252, 15779, 20835),
(30253, 15779, 20835),
(30254, 15779, 20836),
(30255, 15779, 20837),
(30256, 15779, 20837),
(30257, 15779, 20838),
(30258, 15779, 20839),
(30259, 15779, 20840),
(30260, 15779, 20840),
(30261, 15779, 20840),
(30262, 15779, 20840),
(30263, 15779, 20841),
(30264, 15779, 20841),
(30265, 15779, 20842),
(30266, 15779, 20843),
(30267, 15779, 20843),
(30268, 15779, 20843),
(30269, 15779, 20844),
(30270, 15779, 20844),
(30271, 15779, 20845),
(30272, 15779, 20845),
(30273, 15779, 20846),
(30274, 15779, 20847),
(30275, 15779, 20848),
(30276, 15779, 20849),
(30277, 15779, 20850),
(30278, 15779, 20851),
(30279, 15779, 20852),
(30280, 15779, 20852),
(30281, 15779, 20852),
(30282, 15779, 20852),
(30283, 15779, 20853),
(30284, 15779, 20853),
(30285, 15779, 20853),
(30286, 15780, 20854),
(30287, 15780, 20854),
(30288, 15780, 20854),
(30289, 15780, 20854),
(30290, 15780, 20855),
(30291, 15780, 20855),
(30292, 15780, 20856),
(30293, 15780, 20856),
(30294, 15780, 20857),
(30295, 15780, 20857),
(30296, 15780, 20857),
(30297, 15780, 20857),
(30298, 15780, 20857),
(30299, 15780, 20857),
(30300, 15780, 20858),
(30301, 15780, 20858),
(30302, 15780, 20859),
(30303, 15780, 20860),
(30304, 15780, 20861),
(30305, 15780, 20861),
(30306, 15780, 20862),
(30307, 15780, 20862),
(30308, 15780, 20862),
(30309, 15780, 20863),
(30310, 15780, 20863),
(30311, 15781, 20864),
(30312, 15781, 20864),
(30313, 15781, 20864),
(30314, 15781, 20864),
(30315, 15781, 20864),
(30316, 15781, 20864),
(30317, 15781, 20865),
(30318, 15781, 20866),
(30319, 15781, 20866),
(30320, 15782, 20867),
(30321, 15782, 20867),
(30322, 15782, 20867),
(30323, 15782, 20868),
(30324, 15782, 20868),
(30325, 15782, 20868),
(30326, 15782, 20869),
(30327, 15782, 20870),
(30328, 15783, 20871),
(30329, 15783, 20871),
(30330, 15783, 20872),
(30331, 15783, 20872),
(30332, 15783, 20872),
(30333, 15783, 20873),
(30334, 15783, 20874),
(30335, 15783, 20875),
(30336, 15783, 20875),
(30337, 15783, 20876),
(30338, 15784, 20877),
(30339, 15784, 20877),
(30340, 15784, 20878),
(30341, 15784, 20879),
(30342, 15784, 20880),
(30343, 15784, 20881),
(30344, 15784, 20881),
(30345, 15784, 20882),
(30346, 15784, 20883),
(30347, 15784, 20884),
(30348, 15784, 20884),
(30349, 15784, 20884),
(30350, 15784, 20884),
(30351, 15784, 20884),
(30352, 15784, 20884),
(30353, 15784, 20885),
(30354, 15784, 20886),
(30355, 15784, 20886),
(30356, 15784, 20887),
(30357, 15785, 20888),
(30358, 15785, 20889),
(30359, 15785, 20889),
(30360, 15785, 20890),
(30361, 15785, 20890),
(30362, 15785, 20890),
(30363, 15785, 20891),
(30364, 15786, 20892),
(30365, 15786, 20893),
(30366, 15786, 20893),
(30367, 15786, 20893),
(30368, 15786, 20894),
(30369, 15786, 20895),
(30370, 15786, 20896),
(30371, 15786, 20897),
(30372, 15786, 20897),
(30373, 15786, 20897),
(30374, 15786, 20897),
(30375, 15786, 20898),
(30376, 15786, 20898),
(30377, 15786, 20899),
(30378, 15786, 20899),
(30379, 15786, 20899),
(30380, 15786, 20899),
(30381, 15786, 20899),
(30382, 15786, 20899),
(30383, 15786, 20899),
(30384, 15786, 20900),
(30385, 15786, 20900),
(30386, 15786, 20901),
(30387, 15786, 20902),
(30388, 15786, 20902),
(30389, 15786, 20902),
(30390, 15786, 20902),
(30391, 15786, 20902),
(30392, 15786, 20903),
(30393, 15786, 20903),
(30394, 15786, 20903),
(30395, 15786, 20903),
(30396, 15786, 20903),
(30397, 15786, 20903),
(30398, 15786, 20903),
(30399, 15786, 20903),
(30400, 15786, 20904),
(30401, 15786, 20904),
(30402, 15786, 20904),
(30403, 15786, 20905),
(30404, 15786, 20906),
(30405, 15786, 20907),
(30406, 15786, 20908),
(30407, 15786, 20908),
(30408, 15786, 20908),
(30409, 15786, 20909),
(30410, 15786, 20909),
(30411, 15786, 20909),
(30412, 15786, 20910),
(30413, 15786, 20910),
(30414, 15786, 20911),
(30415, 15786, 20912),
(30416, 15787, 20913),
(30417, 15787, 20913),
(30418, 15787, 20913),
(30419, 15787, 20914),
(30420, 15788, 20915),
(30421, 15789, 20916),
(30422, 15790, 20917),
(30423, 15791, 20918),
(30424, 15791, 20919),
(30425, 15791, 20920),
(30426, 15791, 20921),
(30427, 15791, 20922),
(30428, 15791, 20923),
(30429, 15791, 20923),
(30430, 15791, 20923),
(30431, 15791, 20923),
(30432, 15792, 20924),
(30433, 15792, 20925),
(30434, 15792, 20925),
(30435, 15792, 20926),
(30436, 15792, 20926),
(30437, 15792, 20927),
(30438, 15792, 20927),
(30439, 15792, 20928),
(30440, 15792, 20928),
(30441, 15792, 20928),
(30442, 15792, 20929),
(30443, 15792, 20929),
(30444, 15792, 20929),
(30445, 15792, 20929),
(30446, 15792, 20929),
(30447, 15792, 20929),
(30448, 15792, 20930),
(30449, 15792, 20931),
(30450, 15792, 20931),
(30451, 15792, 20932),
(30452, 15792, 20932),
(30453, 15792, 20932),
(30454, 15792, 20932),
(30455, 15792, 20932),
(30456, 15792, 20933),
(30457, 15792, 20933),
(30458, 15793, 20934),
(30459, 15793, 20934),
(30460, 15793, 20934),
(30461, 15793, 20935),
(30462, 15793, 20936),
(30463, 15793, 20937),
(30464, 15793, 20937),
(30465, 15793, 20937),
(30466, 15793, 20938),
(30467, 15793, 20939),
(30468, 15793, 20939),
(30469, 15793, 20939),
(30470, 15793, 20940),
(30471, 15793, 20941),
(30472, 15793, 20942),
(30473, 15793, 20942),
(30474, 15794, 20943),
(30475, 15795, 20944),
(30476, 15795, 20944),
(30477, 15795, 20945),
(30478, 15795, 20946),
(30479, 15795, 20947),
(30480, 15795, 20948),
(30481, 15795, 20949),
(30482, 15795, 20949),
(30483, 15795, 20950),
(30484, 15795, 20951),
(30485, 15795, 20952),
(30486, 15795, 20953),
(30487, 15795, 20954),
(30488, 15795, 20955),
(30489, 15796, 20956),
(30490, 15796, 20956),
(30491, 15796, 20956),
(30492, 15796, 20957),
(30493, 15796, 20957),
(30494, 15796, 20957),
(30495, 15796, 20957),
(30496, 15796, 20957),
(30497, 15796, 20957),
(30498, 15796, 20958),
(30499, 15796, 20958),
(30500, 15796, 20958),
(30501, 15796, 20959),
(30502, 15796, 20959),
(30503, 15796, 20959),
(30504, 15796, 20959),
(30505, 15796, 20959),
(30506, 15796, 20959),
(30507, 15796, 20959),
(30508, 15796, 20959),
(30509, 15796, 20959),
(30510, 15796, 20960),
(30511, 15796, 20960),
(30512, 15796, 20960),
(30513, 15797, 20961),
(30514, 15797, 20961),
(30515, 15797, 20961),
(30516, 15797, 20961),
(30517, 15797, 20961),
(30518, 15797, 20961),
(30519, 15797, 20961),
(30520, 15797, 20961),
(30521, 15797, 20961),
(30522, 15797, 20961),
(30523, 15797, 20961),
(30524, 15797, 20962),
(30525, 15797, 20962),
(30526, 15797, 20963),
(30527, 15797, 20964),
(30528, 15797, 20964),
(30529, 15797, 20964),
(30530, 15797, 20964),
(30531, 15797, 20965),
(30532, 15797, 20965),
(30533, 15797, 20966),
(30534, 15797, 20966),
(30535, 15797, 20966),
(30536, 15797, 20966),
(30537, 15797, 20966),
(30538, 15797, 20967),
(30539, 15797, 20967),
(30540, 15798, 20968),
(30541, 15798, 20969),
(30542, 15798, 20970),
(30543, 15798, 20970),
(30544, 15798, 20971),
(30545, 15798, 20971),
(30546, 15798, 20972),
(30547, 15798, 20973),
(30548, 15798, 20973),
(30549, 15798, 20973),
(30550, 15798, 20973),
(30551, 15798, 20973),
(30552, 15798, 20973),
(30553, 15799, 20974),
(30554, 15799, 20975),
(30555, 15799, 20976),
(30556, 15799, 20976),
(30557, 15799, 20976),
(30558, 15799, 20976),
(30559, 15799, 20976),
(30560, 15799, 20976),
(30561, 15799, 20977),
(30562, 15799, 20977),
(30563, 15799, 20977),
(30564, 15799, 20977),
(30565, 15799, 20977),
(30566, 15799, 20977),
(30567, 15799, 20977),
(30568, 15799, 20978),
(30569, 15799, 20978),
(30570, 15799, 20978),
(30571, 15799, 20979),
(30572, 15799, 20979),
(30573, 15799, 20979),
(30574, 15799, 20979),
(30575, 15799, 20979),
(30576, 15799, 20979),
(30577, 15799, 20979),
(30578, 15799, 20980),
(30579, 15799, 20980),
(30580, 15799, 20980),
(30581, 15799, 20980),
(30582, 15799, 20980),
(30583, 15799, 20980),
(30584, 15799, 20981),
(30585, 15799, 20982),
(30586, 15799, 20982),
(30587, 15799, 20982),
(30588, 15799, 20982),
(30589, 15799, 20982),
(30590, 15799, 20983),
(30591, 15799, 20983),
(30592, 15799, 20984),
(30593, 15799, 20984),
(30594, 15799, 20984),
(30595, 15799, 20984),
(30596, 15799, 20984),
(30597, 15799, 20984),
(30598, 15799, 20984),
(30599, 15799, 20984),
(30600, 15799, 20985),
(30601, 15799, 20985),
(30602, 15799, 20986),
(30603, 15799, 20986),
(30604, 15799, 20987),
(30605, 15799, 20987),
(30606, 15799, 20987),
(30607, 15799, 20987),
(30608, 15799, 20987),
(30609, 15799, 20988),
(30610, 15799, 20988),
(30611, 15799, 20988),
(30612, 15799, 20988),
(30613, 15799, 20989),
(30614, 15799, 20989),
(30615, 15799, 20989),
(30616, 15799, 20990),
(30617, 15799, 20990),
(30618, 15799, 20991),
(30619, 15799, 20992),
(30620, 15799, 20992),
(30621, 15799, 20992),
(30622, 15799, 20992),
(30623, 15799, 20992),
(30624, 15799, 20992),
(30625, 15799, 20992),
(30626, 15799, 20992),
(30627, 15799, 20992),
(30628, 15799, 20992),
(30629, 15799, 20992),
(30630, 15799, 20992),
(30631, 15799, 20992),
(30632, 15799, 20992),
(30633, 15800, 20992),
(30634, 15800, 20992),
(30635, 15800, 20993),
(30636, 15800, 20994),
(30637, 15800, 20994),
(30638, 15800, 20995),
(30639, 15800, 20995),
(30640, 15801, 20996),
(30641, 15801, 20996),
(30642, 15801, 20996),
(30643, 15801, 20996),
(30644, 15801, 20996),
(30645, 15801, 20997),
(30646, 15801, 20998),
(30647, 15801, 20998),
(30648, 15801, 20999),
(30649, 15802, 21000),
(30650, 15802, 21000),
(30651, 15802, 21000),
(30652, 15802, 21000),
(30653, 15802, 21000),
(30654, 15802, 21001),
(30655, 15802, 21002),
(30656, 15802, 21003),
(30657, 15802, 21004),
(30658, 15802, 21004),
(30659, 15802, 21005),
(30660, 15802, 21006),
(30661, 15802, 21007),
(30662, 15802, 21007),
(30663, 15802, 21008),
(30664, 15802, 21008),
(30665, 15802, 21009),
(30666, 15802, 21010),
(30667, 15802, 21011),
(30668, 15802, 21011),
(30669, 15802, 21012),
(30670, 15802, 21013),
(30671, 15802, 21014),
(30672, 15802, 21014),
(30673, 15802, 21014),
(30674, 15802, 21014),
(30675, 15802, 21014),
(30676, 15802, 21014),
(30677, 15802, 21014),
(30678, 15803, 21015),
(30679, 15803, 21015),
(30680, 15804, 21016),
(30681, 15804, 21016),
(30682, 15804, 21017),
(30683, 15804, 21017),
(30684, 15804, 21017),
(30685, 15804, 21017),
(30686, 15805, 21018),
(30687, 15805, 21019),
(30688, 15805, 21019),
(30689, 15805, 21019),
(30690, 15805, 21019),
(30691, 15805, 21019),
(30692, 15805, 21020),
(30693, 15805, 21021),
(30694, 15805, 21022),
(30695, 15805, 21022),
(30696, 15805, 21022),
(30697, 15805, 21023),
(30698, 15805, 21024),
(30699, 15806, 21025),
(30700, 15806, 21025),
(30701, 15806, 21026),
(30702, 15806, 21026),
(30703, 15806, 21026),
(30704, 15806, 21026),
(30705, 15806, 21027),
(30706, 15806, 21027),
(30707, 15806, 21027),
(30708, 15806, 21028),
(30709, 15806, 21029),
(30710, 15806, 21029),
(30711, 15806, 21029),
(30712, 15806, 21030),
(30713, 15806, 21030),
(30714, 15806, 21031),
(30715, 15806, 21031),
(30716, 15806, 21032),
(30717, 15806, 21032),
(30718, 15806, 21032),
(30719, 15806, 21032),
(30720, 15806, 21033),
(30721, 15806, 21034),
(30722, 15806, 21034),
(30723, 15806, 21034),
(30724, 15806, 21034),
(30725, 15806, 21034),
(30726, 15806, 21035),
(30727, 15806, 21036),
(30728, 15807, 21037),
(30729, 15808, 21038),
(30730, 15808, 21038),
(30731, 15808, 21038),
(30732, 15808, 21038),
(30733, 15808, 21038),
(30734, 15808, 21039),
(30735, 15808, 21039),
(30736, 15808, 21040),
(30737, 15808, 21040),
(30738, 15808, 21040),
(30739, 15808, 21041),
(30740, 15808, 21042),
(30741, 15808, 21043),
(30742, 15808, 21043),
(30743, 15808, 21043),
(30744, 15808, 21043),
(30745, 15808, 21043),
(30746, 15808, 21044),
(30747, 15808, 21044),
(30748, 15808, 21045),
(30749, 15808, 21045),
(30750, 15808, 21045),
(30751, 15808, 21045),
(30752, 15808, 21045),
(30753, 15808, 21045),
(30754, 15808, 21045),
(30755, 15808, 21046),
(30756, 15808, 21047),
(30757, 15808, 21047),
(30758, 15808, 21047),
(30759, 15808, 21047),
(30760, 15808, 21047),
(30761, 15808, 21047),
(30762, 15809, 21048),
(30763, 15809, 21048),
(30764, 15810, 21049),
(30765, 15810, 21050),
(30766, 15810, 21050),
(30767, 15810, 21051),
(30768, 15810, 21052),
(30769, 15810, 21053),
(30770, 15810, 21054),
(30771, 15810, 21054),
(30772, 15811, 21055),
(30773, 15811, 21055),
(30774, 15811, 21055),
(30775, 15811, 21055),
(30776, 15811, 21055),
(30777, 15811, 21055),
(30778, 15811, 21055),
(30779, 15811, 21055),
(30780, 15811, 21055),
(30781, 15811, 21055),
(30782, 15811, 21055),
(30783, 15811, 21055),
(30784, 15811, 21055),
(30785, 15811, 21055),
(30786, 15811, 21055),
(30787, 15811, 21056),
(30788, 15811, 21056),
(30789, 15811, 21056),
(30790, 15811, 21056),
(30791, 15811, 21056),
(30792, 15811, 21056),
(30793, 15811, 21056),
(30794, 15811, 21056),
(30795, 15811, 21057),
(30796, 15811, 21058),
(30797, 15811, 21058),
(30798, 15811, 21058),
(30799, 15811, 21058),
(30800, 15811, 21058),
(30801, 15811, 21059),
(30802, 15811, 21059),
(30803, 15811, 21059),
(30804, 15811, 21059),
(30805, 15811, 21059),
(30806, 15812, 21060),
(30807, 15812, 21060),
(30808, 15812, 21060),
(30809, 15812, 21060),
(30810, 15812, 21061),
(30811, 15812, 21062),
(30812, 15812, 21062),
(30813, 15812, 21063),
(30814, 15812, 21064),
(30815, 15812, 21064),
(30816, 15812, 21064),
(30817, 15812, 21065),
(30818, 15812, 21066),
(30819, 15812, 21066),
(30820, 15812, 21066),
(30821, 15812, 21066),
(30822, 15812, 21067),
(30823, 15812, 21068),
(30824, 15812, 21069),
(30825, 15812, 21070),
(30826, 15812, 21071),
(30827, 15812, 21071),
(30828, 15812, 21071),
(30829, 15812, 21071),
(30830, 15812, 21071),
(30831, 15812, 21072),
(30832, 15812, 21072),
(30833, 15812, 21073),
(30834, 15812, 21073),
(30835, 15812, 21073),
(30836, 15812, 21073),
(30837, 15812, 21073),
(30838, 15812, 21074),
(30839, 15812, 21074),
(30840, 15812, 21074),
(30841, 15812, 21075),
(30842, 15812, 21075),
(30843, 15812, 21076),
(30844, 15812, 21077),
(30845, 15812, 21077),
(30846, 15812, 21077),
(30847, 15812, 21078),
(30848, 15812, 21078),
(30849, 15812, 21079),
(30850, 15812, 21079),
(30851, 15812, 21079),
(30852, 15812, 21079),
(30853, 15812, 21080),
(30854, 15812, 21080),
(30855, 15812, 21080),
(30856, 15812, 21080),
(30857, 15812, 21080),
(30858, 15812, 21080),
(30859, 15812, 21080),
(30860, 15812, 21080),
(30861, 15812, 21080),
(30862, 15812, 21080),
(30863, 15812, 21080),
(30864, 15812, 21081),
(30865, 15812, 21081),
(30866, 15812, 21082),
(30867, 15812, 21083),
(30868, 15812, 21084),
(30869, 15812, 21085),
(30870, 15812, 21085),
(30871, 15812, 21085),
(30872, 15812, 21085),
(30873, 15812, 21085),
(30874, 15812, 21085),
(30875, 15812, 21086),
(30876, 15812, 21086),
(30877, 15812, 21086),
(30878, 15812, 21086),
(30879, 15812, 21086),
(30880, 15812, 21086),
(30881, 15812, 21087),
(30882, 15812, 21087),
(30883, 15812, 21087),
(30884, 15813, 21088),
(30885, 15813, 21088),
(30886, 15813, 21088),
(30887, 15813, 21088),
(30888, 15813, 21088),
(30889, 15813, 21088),
(30890, 15813, 21088),
(30891, 15813, 21089),
(30892, 15813, 21089),
(30893, 15814, 21090),
(30894, 15814, 21090),
(30895, 15814, 21090),
(30896, 15814, 21091),
(30897, 15814, 21091),
(30898, 15814, 21091),
(30899, 15814, 21091),
(30900, 15814, 21091),
(30901, 15814, 21091),
(30902, 15814, 21092),
(30903, 15815, 21093),
(30904, 15815, 21094),
(30905, 15815, 21095),
(30906, 15816, 21096),
(30907, 15816, 21096),
(30908, 15816, 21096),
(30909, 15816, 21097),
(30910, 15816, 21097),
(30911, 15816, 21097),
(30912, 15816, 21097),
(30913, 15816, 21097),
(30914, 15817, 21098),
(30915, 15818, 21099),
(30916, 15818, 21099),
(30917, 15818, 21100),
(30918, 15818, 21100),
(30919, 15818, 21101),
(30920, 15818, 21101),
(30921, 15818, 21101),
(30922, 15818, 21102),
(30923, 15818, 21103),
(30924, 15818, 21104),
(30925, 15818, 21104),
(30926, 15818, 21104),
(30927, 15818, 21104),
(30928, 15818, 21104),
(30929, 15818, 21104),
(30930, 15818, 21104),
(30931, 15818, 21104),
(30932, 15818, 21104),
(30933, 15818, 21104),
(30934, 15818, 21104),
(30935, 15819, 21105),
(30936, 15819, 21105),
(30937, 15819, 21105),
(30938, 15819, 21105),
(30939, 15819, 21106),
(30940, 15819, 21106),
(30941, 15819, 21107),
(30942, 15819, 21108),
(30943, 15819, 21109),
(30944, 15819, 21110),
(30945, 15819, 21110),
(30946, 15819, 21110),
(30947, 15819, 21110),
(30948, 15819, 21111),
(30949, 15819, 21111),
(30950, 15819, 21111),
(30951, 15819, 21111),
(30952, 15819, 21112),
(30953, 15819, 21113),
(30954, 15820, 21114),
(30955, 15820, 21114),
(30956, 15820, 21114),
(30957, 15820, 21114),
(30958, 15820, 21114),
(30959, 15820, 21114),
(30960, 15820, 21115),
(30961, 15820, 21115),
(30962, 15820, 21115),
(30963, 15820, 21116),
(30964, 15820, 21117),
(30965, 15820, 21117),
(30966, 15820, 21117),
(30967, 15820, 21117),
(30968, 15820, 21117),
(30969, 15820, 21118),
(30970, 15820, 21118),
(30971, 15820, 21118),
(30972, 15820, 21118),
(30973, 15820, 21118),
(30974, 15820, 21118),
(30975, 15820, 21118),
(30976, 15820, 21119),
(30977, 15820, 21120),
(30978, 15820, 21120),
(30979, 15820, 21121),
(30980, 15820, 21121),
(30981, 15820, 21121),
(30982, 15820, 21121),
(30983, 15820, 21121),
(30984, 15820, 21121),
(30985, 15820, 21122),
(30986, 15820, 21123),
(30987, 15820, 21124),
(30988, 15820, 21124),
(30989, 15820, 21124),
(30990, 15820, 21125),
(30991, 15820, 21126),
(30992, 15820, 21127),
(30993, 15820, 21127),
(30994, 15820, 21128),
(30995, 15821, 21129),
(30996, 15821, 21129),
(30997, 15821, 21129),
(30998, 15821, 21129),
(30999, 15821, 21129),
(31000, 15821, 21130),
(31001, 15821, 21130),
(31002, 15821, 21130),
(31003, 15821, 21131),
(31004, 15821, 21132),
(31005, 15821, 21133),
(31006, 15821, 21134),
(31007, 15821, 21134),
(31008, 15821, 21135),
(31009, 15821, 21136),
(31010, 15822, 21137),
(31011, 15822, 21137),
(31012, 15822, 21138),
(31013, 15822, 21139),
(31014, 15822, 21139),
(31015, 15822, 21140),
(31016, 15822, 21141),
(31017, 15822, 21141),
(31018, 15822, 21142),
(31019, 15822, 21142),
(31020, 15822, 21142),
(31021, 15822, 21143),
(31022, 15822, 21143),
(31023, 15822, 21143),
(31024, 15822, 21143),
(31025, 15822, 21144),
(31026, 15822, 21145),
(31027, 15822, 21146),
(31028, 15822, 21146),
(31029, 15822, 21147),
(31030, 15822, 21147),
(31031, 15822, 21147),
(31032, 15822, 21147),
(31033, 15822, 21147),
(31034, 15822, 21147),
(31035, 15822, 21147),
(31036, 15822, 21147),
(31037, 15822, 21148),
(31038, 15822, 21148),
(31039, 15822, 21148),
(31040, 15822, 21148),
(31041, 15822, 21148),
(31042, 15822, 21148),
(31043, 15822, 21148),
(31044, 15822, 21149),
(31045, 15822, 21149),
(31046, 15822, 21149),
(31047, 15822, 21149),
(31048, 15822, 21149),
(31049, 15822, 21150),
(31050, 15822, 21150),
(31051, 15822, 21151),
(31052, 15822, 21151),
(31053, 15822, 21151),
(31054, 15822, 21152),
(31055, 15822, 21153),
(31056, 15822, 21153),
(31057, 15822, 21153),
(31058, 15822, 21153),
(31059, 15822, 21153),
(31060, 15822, 21153),
(31061, 15822, 21153),
(31062, 15822, 21154),
(31063, 15822, 21154),
(31064, 15822, 21154),
(31065, 15822, 21154),
(31066, 15822, 21154),
(31067, 15822, 21154),
(31068, 15822, 21154),
(31069, 15822, 21154),
(31070, 15822, 21155),
(31071, 15822, 21155),
(31072, 15822, 21155),
(31073, 15822, 21156),
(31074, 15823, 21157),
(31075, 15823, 21157),
(31076, 15823, 21157),
(31077, 15823, 21158),
(31078, 15823, 21158),
(31079, 15823, 21159),
(31080, 15823, 21159),
(31081, 15823, 21160),
(31082, 15823, 21161),
(31083, 15823, 21162),
(31084, 15823, 21162),
(31085, 15823, 21162),
(31086, 15823, 21162),
(31087, 15823, 21163),
(31088, 15823, 21163),
(31089, 15823, 21163),
(31090, 15823, 21164),
(31091, 15823, 21164),
(31092, 15823, 21164),
(31093, 15823, 21164),
(31094, 15823, 21165),
(31095, 15824, 21166),
(31096, 15824, 21166),
(31097, 15824, 21167),
(31098, 15824, 21167),
(31099, 15824, 21168),
(31100, 15824, 21168),
(31101, 15824, 21168),
(31102, 15824, 21168),
(31103, 15824, 21169),
(31104, 15824, 21169),
(31105, 15824, 21169),
(31106, 15824, 21169),
(31107, 15824, 21169),
(31108, 15824, 21170),
(31109, 15824, 21170),
(31110, 15824, 21170),
(31111, 15824, 21171),
(31112, 15824, 21172),
(31113, 15824, 21172),
(31114, 15824, 21172),
(31115, 15824, 21173),
(31116, 15824, 21174),
(31117, 15824, 21175),
(31118, 15825, 21176),
(31119, 15825, 21177),
(31120, 15825, 21178),
(31121, 15825, 21179),
(31122, 15825, 21179),
(31123, 15825, 21179),
(31124, 15825, 21179),
(31125, 15825, 21179),
(31126, 15825, 21179),
(31127, 15825, 21179),
(31128, 15825, 21179),
(31129, 15825, 21179),
(31130, 15825, 21180),
(31131, 15825, 21180),
(31132, 15825, 21180),
(31133, 15825, 21181),
(31134, 15825, 21181),
(31135, 15825, 21181),
(31136, 15825, 21181),
(31137, 15825, 21181),
(31138, 15825, 21181),
(31139, 15825, 21181),
(31140, 15825, 21181),
(31141, 15825, 21182),
(31142, 15825, 21182),
(31143, 15825, 21183),
(31144, 15825, 21184),
(31145, 15825, 21184),
(31146, 15825, 21184),
(31147, 15825, 21184),
(31148, 15825, 21184),
(31149, 15825, 21184),
(31150, 15825, 21184),
(31151, 15825, 21184),
(31152, 15825, 21184),
(31153, 15825, 21184),
(31154, 15825, 21184),
(31155, 15825, 21184),
(31156, 15825, 21184),
(31157, 15825, 21184),
(31158, 15825, 21184),
(31159, 15825, 21184),
(31160, 15825, 21184),
(31161, 15825, 21185),
(31162, 15825, 21186),
(31163, 15825, 21186),
(31164, 15826, 21187),
(31165, 15826, 21188),
(31166, 15826, 21188),
(31167, 15826, 21188),
(31168, 15826, 21188),
(31169, 15826, 21188),
(31170, 15826, 21188),
(31171, 15826, 21188),
(31172, 15826, 21188),
(31173, 15826, 21188),
(31174, 15826, 21188),
(31175, 15826, 21188),
(31176, 15826, 21188),
(31177, 15826, 21188),
(31178, 15826, 21189),
(31179, 15826, 21189),
(31180, 15826, 21189),
(31181, 15826, 21189),
(31182, 15826, 21189),
(31183, 15826, 21189),
(31184, 15826, 21190),
(31185, 15826, 21190),
(31186, 15826, 21190),
(31187, 15826, 21191),
(31188, 15826, 21192),
(31189, 15826, 21192),
(31190, 15826, 21192),
(31191, 15826, 21192),
(31192, 15826, 21192),
(31193, 15826, 21193),
(31194, 15826, 21193),
(31195, 15826, 21193),
(31196, 15826, 21194),
(31197, 15826, 21195),
(31198, 15826, 21195),
(31199, 15826, 21195),
(31200, 15826, 21195),
(31201, 15826, 21195),
(31202, 15826, 21195),
(31203, 15826, 21195),
(31204, 15826, 21195),
(31205, 15826, 21195),
(31206, 15826, 21195),
(31207, 15826, 21195),
(31208, 15826, 21195),
(31209, 15826, 21195),
(31210, 15826, 21195),
(31211, 15826, 21195),
(31212, 15826, 21195),
(31213, 15826, 21195),
(31214, 15826, 21195),
(31215, 15826, 21195),
(31216, 15826, 21195),
(31217, 15826, 21195),
(31218, 15826, 21195),
(31219, 15826, 21195),
(31220, 15826, 21195),
(31221, 15826, 21195),
(31222, 15826, 21195),
(31223, 15826, 21195),
(31224, 15826, 21195),
(31225, 15826, 21195),
(31226, 15826, 21195);
INSERT INTO `brands_models` (`id`, `brands_id`, `models_id`) VALUES
(31227, 15826, 21195),
(31228, 15826, 21195),
(31229, 15826, 21195),
(31230, 15826, 21195),
(31231, 15826, 21195),
(31232, 15826, 21195),
(31233, 15826, 21196),
(31234, 15826, 21197),
(31235, 15826, 21197),
(31236, 15826, 21197),
(31237, 15826, 21197),
(31238, 15827, 21198),
(31239, 15827, 21198),
(31240, 15827, 21198),
(31241, 15827, 21198),
(31242, 15827, 21199),
(31243, 15827, 21199),
(31244, 15827, 21199),
(31245, 15827, 21199),
(31246, 15827, 21199),
(31247, 15827, 21199),
(31248, 15827, 21199),
(31249, 15827, 21199),
(31250, 15827, 21199),
(31251, 15827, 21199),
(31252, 15827, 21199),
(31253, 15827, 21199),
(31254, 15827, 21199),
(31255, 15827, 21199),
(31256, 15827, 21199),
(31257, 15827, 21199),
(31258, 15827, 21200),
(31259, 15827, 21200),
(31260, 15827, 21200),
(31261, 15827, 21201),
(31262, 15827, 21201),
(31263, 15827, 21201),
(31264, 15827, 21201),
(31265, 15827, 21201),
(31266, 15827, 21201),
(31267, 15827, 21201),
(31268, 15827, 21201),
(31269, 15827, 21202),
(31270, 15827, 21202),
(31271, 15827, 21202),
(31272, 15827, 21203),
(31273, 15827, 21203),
(31274, 15827, 21203),
(31275, 15827, 21203),
(31276, 15827, 21204),
(31277, 15827, 21204),
(31278, 15827, 21204),
(31279, 15827, 21205),
(31280, 15827, 21206),
(31281, 15827, 21206),
(31282, 15827, 21207),
(31283, 15827, 21207),
(31284, 15827, 21207),
(31285, 15827, 21208),
(31286, 15827, 21209),
(31287, 15827, 21210),
(31288, 15827, 21210),
(31289, 15827, 21211),
(31290, 15827, 21211),
(31291, 15827, 21211),
(31292, 15827, 21211),
(31293, 15827, 21211),
(31294, 15827, 21211),
(31295, 15827, 21211),
(31296, 15827, 21211),
(31297, 15827, 21211),
(31298, 15827, 21211),
(31299, 15827, 21211),
(31300, 15827, 21212),
(31301, 15827, 21212),
(31302, 15827, 21212),
(31303, 15827, 21212),
(31304, 15827, 21212),
(31305, 15827, 21212),
(31306, 15827, 21212),
(31307, 15827, 21212),
(31308, 15827, 21212),
(31309, 15827, 21212),
(31310, 15827, 21212),
(31311, 15827, 21212),
(31312, 15827, 21212),
(31313, 15827, 21212),
(31314, 15827, 21212),
(31315, 15827, 21212),
(31316, 15827, 21213),
(31317, 15827, 21213),
(31318, 15827, 21213),
(31319, 15827, 21213),
(31320, 15827, 21214),
(31321, 15827, 21215),
(31322, 15827, 21216),
(31323, 15827, 21216),
(31324, 15827, 21216),
(31325, 15827, 21216),
(31326, 15827, 21216),
(31327, 15827, 21216),
(31328, 15827, 21216),
(31329, 15827, 21217),
(31330, 15827, 21217),
(31331, 15827, 21217),
(31332, 15827, 21217),
(31333, 15827, 21218),
(31334, 15827, 21219),
(31335, 15827, 21219),
(31336, 15827, 21220),
(31337, 15827, 21220),
(31338, 15827, 21221),
(31339, 15827, 21221),
(31340, 15827, 21221),
(31341, 15827, 21222),
(31342, 15827, 21222),
(31343, 15827, 21223),
(31344, 15827, 21224),
(31345, 15827, 21225),
(31346, 15827, 21225),
(31347, 15827, 21225),
(31348, 15827, 21225),
(31349, 15827, 21225),
(31350, 15827, 21225),
(31351, 15827, 21225),
(31352, 15827, 21226),
(31353, 15827, 21226),
(31354, 15828, 21227),
(31355, 15828, 21227),
(31356, 15828, 21227),
(31357, 15828, 21227),
(31358, 15828, 21227),
(31359, 15828, 21228),
(31360, 15828, 21229),
(31361, 15828, 21229),
(31362, 15829, 21230),
(31363, 15829, 21230),
(31364, 15829, 21230),
(31365, 15829, 21230),
(31366, 15829, 21230),
(31367, 15829, 21230),
(31368, 15829, 21230),
(31369, 15829, 21230),
(31370, 15829, 21230),
(31371, 15829, 21230),
(31372, 15830, 21231),
(31373, 15830, 21232),
(31374, 15830, 21232),
(31375, 15830, 21233),
(31376, 15830, 21233),
(31377, 15830, 21233),
(31378, 15830, 21233),
(31379, 15830, 21233),
(31380, 15830, 21233),
(31381, 15830, 21234),
(31382, 15830, 21234),
(31383, 15830, 21235),
(31384, 15830, 21235),
(31385, 15830, 21235),
(31386, 15830, 21236),
(31387, 15830, 21236),
(31388, 15830, 21236),
(31389, 15830, 21236),
(31390, 15830, 21237),
(31391, 15830, 21238),
(31392, 15830, 21238),
(31393, 15830, 21239),
(31394, 15830, 21239),
(31395, 15830, 21239),
(31396, 15830, 21239),
(31397, 15830, 21239),
(31398, 15830, 21239),
(31399, 15830, 21239),
(31400, 15830, 21239),
(31401, 15830, 21240),
(31402, 15830, 21241),
(31403, 15830, 21242),
(31404, 15830, 21242),
(31405, 15830, 21242),
(31406, 15830, 21243),
(31407, 15830, 21243),
(31408, 15830, 21243),
(31409, 15831, 21244),
(31410, 15831, 21244),
(31411, 15831, 21244),
(31412, 15831, 21244),
(31413, 15831, 21244),
(31414, 15831, 21245),
(31415, 15831, 21245),
(31416, 15831, 21245),
(31417, 15831, 21245),
(31418, 15831, 21245),
(31419, 15831, 21245),
(31420, 15831, 21245),
(31421, 15831, 21245),
(31422, 15831, 21245),
(31423, 15831, 21246),
(31424, 15831, 21246),
(31425, 15831, 21246),
(31426, 15831, 21246),
(31427, 15831, 21246),
(31428, 15831, 21247),
(31429, 15831, 21248),
(31430, 15831, 21248),
(31431, 15831, 21248),
(31432, 15831, 21249),
(31433, 15832, 21250),
(31434, 15832, 21251),
(31435, 15832, 21251),
(31436, 15832, 21252),
(31437, 15832, 21253),
(31438, 15832, 21254),
(31439, 15832, 21254),
(31440, 15832, 21254),
(31441, 15832, 21254),
(31442, 15832, 21254),
(31443, 15832, 21255),
(31444, 15832, 21255),
(31445, 15832, 21255),
(31446, 15832, 21255),
(31447, 15832, 21255),
(31448, 15832, 21255),
(31449, 15832, 21255),
(31450, 15832, 21255),
(31451, 15832, 21255),
(31452, 15832, 21256),
(31453, 15832, 21256),
(31454, 15832, 21257),
(31455, 15832, 21257),
(31456, 15832, 21257),
(31457, 15832, 21257),
(31458, 15832, 21257),
(31459, 15832, 21257),
(31460, 15832, 21257),
(31461, 15832, 21257),
(31462, 15832, 21257),
(31463, 15832, 21257),
(31464, 15832, 21258),
(31465, 15832, 21259),
(31466, 15832, 21259),
(31467, 15832, 21259),
(31468, 15832, 21259),
(31469, 15832, 21259),
(31470, 15832, 21260),
(31471, 15832, 21260),
(31472, 15832, 21260),
(31473, 15832, 21261),
(31474, 15832, 21262),
(31475, 15832, 21263),
(31476, 15832, 21264),
(31477, 15832, 21265),
(31478, 15833, 21266),
(31479, 15833, 21266),
(31480, 15833, 21267),
(31481, 15833, 21267),
(31482, 15833, 21267),
(31483, 15833, 21268),
(31484, 15833, 21268),
(31485, 15833, 21268),
(31486, 15833, 21268),
(31487, 15833, 21268),
(31488, 15833, 21268),
(31489, 15833, 21268),
(31490, 15833, 21269),
(31491, 15833, 21269),
(31492, 15833, 21269),
(31493, 15833, 21269),
(31494, 15833, 21269),
(31495, 15833, 21269),
(31496, 15833, 21269),
(31497, 15833, 21269),
(31498, 15833, 21269),
(31499, 15833, 21269),
(31500, 15833, 21270),
(31501, 15833, 21271),
(31502, 15834, 21272),
(31503, 15834, 21272),
(31504, 15834, 21272),
(31505, 15834, 21272),
(31506, 15834, 21272),
(31507, 15834, 21272),
(31508, 15834, 21272),
(31509, 15834, 21272),
(31510, 15834, 21272),
(31511, 15834, 21272),
(31512, 15834, 21272),
(31513, 15834, 21272),
(31514, 15834, 21272),
(31515, 15834, 21272),
(31516, 15834, 21273),
(31517, 15834, 21274),
(31518, 15834, 21274),
(31519, 15834, 21274),
(31520, 15834, 21274),
(31521, 15834, 21275),
(31522, 15834, 21275),
(31523, 15834, 21275),
(31524, 15834, 21275),
(31525, 15834, 21275),
(31526, 15834, 21275),
(31527, 15834, 21275),
(31528, 15834, 21275),
(31529, 15834, 21275),
(31530, 15834, 21276),
(31531, 15834, 21276),
(31532, 15834, 21277),
(31533, 15834, 21278),
(31534, 15834, 21279),
(31535, 15834, 21279),
(31536, 15834, 21279),
(31537, 15834, 21279),
(31538, 15834, 21279),
(31539, 15834, 21279),
(31540, 15834, 21279),
(31541, 15834, 21280),
(31542, 15834, 21280),
(31543, 15834, 21280),
(31544, 15834, 21281),
(31545, 15834, 21281),
(31546, 15834, 21282),
(31547, 15834, 21282),
(31548, 15834, 21283),
(31549, 15834, 21283),
(31550, 15834, 21284),
(31551, 15834, 21284),
(31552, 15834, 21285),
(31553, 15834, 21286),
(31554, 15834, 21286),
(31555, 15834, 21286),
(31556, 15834, 21287),
(31557, 15834, 21287),
(31558, 15834, 21287),
(31559, 15834, 21287),
(31560, 15834, 21287),
(31561, 15834, 21287),
(31562, 15834, 21287),
(31563, 15834, 21287),
(31564, 15834, 21287),
(31565, 15834, 21287),
(31566, 15834, 21287),
(31567, 15834, 21288),
(31568, 15834, 21288),
(31569, 15834, 21288),
(31570, 15834, 21288),
(31571, 15834, 21288),
(31572, 15834, 21288),
(31573, 15834, 21289),
(31574, 15834, 21289),
(31575, 15834, 21289),
(31576, 15834, 21290),
(31577, 15834, 21291),
(31578, 15834, 21292),
(31579, 15834, 21292),
(31580, 15834, 21293),
(31581, 15834, 21294),
(31582, 15834, 21295),
(31583, 15834, 21296),
(31584, 15834, 21297),
(31585, 15834, 21297),
(31586, 15834, 21298),
(31587, 15834, 21299),
(31588, 15834, 21299),
(31589, 15834, 21299),
(31590, 15834, 21299),
(31591, 15834, 21299),
(31592, 15834, 21300),
(31593, 15834, 21301),
(31594, 15834, 21301),
(31595, 15834, 21301),
(31596, 15834, 21302),
(31597, 15834, 21303),
(31598, 15834, 21303),
(31599, 15834, 21304),
(31600, 15834, 21304),
(31601, 15834, 21305),
(31602, 15834, 21306),
(31603, 15834, 21307),
(31604, 15834, 21308),
(31605, 15834, 21309),
(31606, 15834, 21309),
(31607, 15834, 21310),
(31608, 15834, 21311),
(31609, 15834, 21311),
(31610, 15834, 21311),
(31611, 15834, 21311),
(31612, 15834, 21311),
(31613, 15834, 21311),
(31614, 15834, 21311),
(31615, 15834, 21311),
(31616, 15834, 21311),
(31617, 15834, 21311),
(31618, 15834, 21311),
(31619, 15834, 21311),
(31620, 15834, 21311),
(31621, 15834, 21311),
(31622, 15834, 21311),
(31623, 15834, 21312),
(31624, 15834, 21312),
(31625, 15834, 21312),
(31626, 15834, 21312),
(31627, 15834, 21312),
(31628, 15834, 21312),
(31629, 15834, 21312),
(31630, 15834, 21312),
(31631, 15834, 21312),
(31632, 15834, 21312),
(31633, 15834, 21313),
(31634, 15834, 21313),
(31635, 15834, 21314),
(31636, 15834, 21314),
(31637, 15834, 21314),
(31638, 15834, 21314),
(31639, 15834, 21314),
(31640, 15834, 21314),
(31641, 15834, 21314),
(31642, 15834, 21314),
(31643, 15834, 21314),
(31644, 15834, 21314),
(31645, 15834, 21314),
(31646, 15834, 21314),
(31647, 15834, 21314),
(31648, 15834, 21314),
(31649, 15834, 21314),
(31650, 15834, 21314),
(31651, 15834, 21314),
(31652, 15834, 21315),
(31653, 15834, 21315),
(31654, 15834, 21315),
(31655, 15834, 21315),
(31656, 15834, 21316),
(31657, 15834, 21316),
(31658, 15834, 21316),
(31659, 15834, 21316),
(31660, 15834, 21316),
(31661, 15834, 21316),
(31662, 15834, 21316),
(31663, 15834, 21316),
(31664, 15834, 21316),
(31665, 15834, 21316),
(31666, 15834, 21316),
(31667, 15834, 21317),
(31668, 15834, 21318),
(31669, 15834, 21318),
(31670, 15834, 21318),
(31671, 15834, 21318),
(31672, 15834, 21318),
(31673, 15834, 21318),
(31674, 15834, 21318),
(31675, 15834, 21318),
(31676, 15834, 21318),
(31677, 15834, 21318),
(31678, 15834, 21319),
(31679, 15834, 21319),
(31680, 15834, 21320),
(31681, 15834, 21321),
(31682, 15834, 21321),
(31683, 15834, 21321),
(31684, 15834, 21321),
(31685, 15834, 21321),
(31686, 15834, 21321),
(31687, 15835, 21322),
(31688, 15835, 21322),
(31689, 15835, 21322),
(31690, 15835, 21322),
(31691, 15835, 21322),
(31692, 15835, 21322),
(31693, 15835, 21322),
(31694, 15835, 21323),
(31695, 15835, 21324),
(31696, 15835, 21325),
(31697, 15835, 21325),
(31698, 15835, 21325),
(31699, 15835, 21325),
(31700, 15835, 21325),
(31701, 15835, 21325),
(31702, 15835, 21326),
(31703, 15835, 21326),
(31704, 15835, 21326),
(31705, 15836, 21327),
(31706, 15836, 21327),
(31707, 15836, 21327),
(31708, 15836, 21328),
(31709, 15836, 21328),
(31710, 15836, 21329),
(31711, 15836, 21330),
(31712, 15836, 21331),
(31713, 15836, 21332),
(31714, 15836, 21333),
(31715, 15836, 21334),
(31716, 15836, 21334),
(31717, 15836, 21335),
(31718, 15836, 21335),
(31719, 15836, 21336),
(31720, 15836, 21336),
(31721, 15836, 21337),
(31722, 15836, 21337),
(31723, 15836, 21338),
(31724, 15837, 21339),
(31725, 15838, 21340),
(31726, 15838, 21340),
(31727, 15838, 21341),
(31728, 15838, 21342),
(31729, 15839, 21343),
(31730, 15839, 21344),
(31731, 15840, 21345),
(31732, 15841, 21346),
(31733, 15841, 21346),
(31734, 15842, 21347),
(31735, 15842, 21348),
(31736, 15842, 21349),
(31737, 15842, 21350),
(31738, 15843, 21351),
(31739, 15843, 21352),
(31740, 15844, 21353),
(31741, 15844, 21354),
(31742, 15844, 21355),
(31743, 15844, 21355),
(31744, 15844, 21355),
(31745, 15844, 21355),
(31746, 15844, 21355),
(31747, 15844, 21355),
(31748, 15844, 21355),
(31749, 15844, 21356),
(31750, 15844, 21356),
(31751, 15845, 21357),
(31752, 15845, 21357),
(31753, 15845, 21358),
(31754, 15845, 21358),
(31755, 15845, 21359),
(31756, 15845, 21359),
(31757, 15845, 21359),
(31758, 15846, 21360),
(31759, 15846, 21361),
(31760, 15846, 21361),
(31761, 15846, 21362),
(31762, 15846, 21362),
(31763, 15846, 21363),
(31764, 15846, 21363),
(31765, 15846, 21363),
(31766, 15846, 21363),
(31767, 15846, 21364),
(31768, 15846, 21364),
(31769, 15846, 21364),
(31770, 15846, 21364),
(31771, 15846, 21364),
(31772, 15846, 21364),
(31773, 15846, 21364),
(31774, 15847, 21365),
(31775, 15847, 21365),
(31776, 15847, 21366),
(31777, 15847, 21366),
(31778, 15847, 21366),
(31779, 15847, 21367),
(31780, 15847, 21367),
(31781, 15847, 21367),
(31782, 15847, 21368),
(31783, 15847, 21368),
(31784, 15847, 21368),
(31785, 15847, 21368),
(31786, 15847, 21368),
(31787, 15847, 21368),
(31788, 15847, 21369),
(31789, 15848, 21370),
(31790, 15848, 21370),
(31791, 15848, 21371),
(31792, 15848, 21371),
(31793, 15848, 21371),
(31794, 15849, 21372),
(31795, 15849, 21373),
(31796, 15849, 21373),
(31797, 15849, 21374),
(31798, 15849, 21374),
(31799, 15849, 21375),
(31800, 15849, 21375),
(31801, 15849, 21375),
(31802, 15849, 21375),
(31803, 15849, 21375),
(31804, 15849, 21375),
(31805, 15849, 21376),
(31806, 15849, 21376),
(31807, 15849, 21377),
(31808, 15849, 21377),
(31809, 15849, 21377),
(31810, 15849, 21377),
(31811, 15849, 21377),
(31812, 15849, 21377),
(31813, 15849, 21377),
(31814, 15849, 21377),
(31815, 15849, 21377),
(31816, 15849, 21377),
(31817, 15849, 21377),
(31818, 15849, 21377),
(31819, 15849, 21377),
(31820, 15849, 21378),
(31821, 15849, 21378),
(31822, 15849, 21378),
(31823, 15849, 21379),
(31824, 15849, 21379),
(31825, 15849, 21380),
(31826, 15849, 21380),
(31827, 15849, 21381),
(31828, 15849, 21381),
(31829, 15849, 21382),
(31830, 15849, 21383),
(31831, 15849, 21383),
(31832, 15849, 21383),
(31833, 15849, 21383),
(31834, 15849, 21383),
(31835, 15849, 21383),
(31836, 15849, 21383),
(31837, 15849, 21383),
(31838, 15849, 21383),
(31839, 15849, 21384),
(31840, 15849, 21384),
(31841, 15849, 21384),
(31842, 15849, 21384),
(31843, 15850, 21385),
(31844, 15850, 21385),
(31845, 15850, 21385),
(31846, 15850, 21385),
(31847, 15850, 21385),
(31848, 15850, 21385),
(31849, 15850, 21385),
(31850, 15850, 21385),
(31851, 15850, 21385),
(31852, 15850, 21386),
(31853, 15850, 21386),
(31854, 15850, 21386),
(31855, 15850, 21386),
(31856, 15850, 21386),
(31857, 15850, 21386),
(31858, 15850, 21386),
(31859, 15850, 21386),
(31860, 15850, 21386),
(31861, 15850, 21386),
(31862, 15850, 21386),
(31863, 15850, 21386),
(31864, 15850, 21386),
(31865, 15850, 21386),
(31866, 15850, 21386),
(31867, 15850, 21386),
(31868, 15850, 21386),
(31869, 15850, 21386),
(31870, 15850, 21386),
(31871, 15850, 21386),
(31872, 15850, 21386),
(31873, 15850, 21386),
(31874, 15850, 21386),
(31875, 15850, 21386),
(31876, 15850, 21386),
(31877, 15850, 21387),
(31878, 15850, 21387),
(31879, 15850, 21387),
(31880, 15850, 21387),
(31881, 15850, 21387),
(31882, 15850, 21387),
(31883, 15850, 21388),
(31884, 15850, 21389),
(31885, 15850, 21390),
(31886, 15850, 21390),
(31887, 15850, 21390),
(31888, 15850, 21391),
(31889, 15850, 21391),
(31890, 15850, 21391),
(31891, 15850, 21392),
(31892, 15850, 21393),
(31893, 15850, 21393),
(31894, 15850, 21394),
(31895, 15850, 21395),
(31896, 15850, 21396),
(31897, 15850, 21397),
(31898, 15850, 21398),
(31899, 15850, 21399),
(31900, 15850, 21399),
(31901, 15850, 21399),
(31902, 15850, 21399),
(31903, 15851, 21400),
(31904, 15851, 21400),
(31905, 15851, 21400),
(31906, 15851, 21400),
(31907, 15851, 21400),
(31908, 15851, 21400),
(31909, 15851, 21400),
(31910, 15851, 21400),
(31911, 15851, 21400),
(31912, 15851, 21400),
(31913, 15851, 21400),
(31914, 15851, 21400),
(31915, 15851, 21400),
(31916, 15851, 21400),
(31917, 15851, 21401),
(31918, 15851, 21401),
(31919, 15851, 21401),
(31920, 15851, 21401),
(31921, 15851, 21401),
(31922, 15851, 21401),
(31923, 15851, 21401),
(31924, 15851, 21401),
(31925, 15851, 21401),
(31926, 15851, 21401),
(31927, 15852, 21402),
(31928, 15852, 21402),
(31929, 15852, 21402),
(31930, 15852, 21402),
(31931, 15852, 21402),
(31932, 15852, 21402),
(31933, 15852, 21402),
(31934, 15852, 21402),
(31935, 15852, 21402),
(31936, 15852, 21402),
(31937, 15852, 21402),
(31938, 15852, 21402),
(31939, 15852, 21402),
(31940, 15852, 21402),
(31941, 15852, 21402),
(31942, 15852, 21402),
(31943, 15852, 21403),
(31944, 15852, 21404),
(31945, 15852, 21404),
(31946, 15852, 21404),
(31947, 15852, 21404),
(31948, 15852, 21404),
(31949, 15852, 21405),
(31950, 15852, 21405),
(31951, 15852, 21405),
(31952, 15852, 21405),
(31953, 15852, 21405),
(31954, 15852, 21406),
(31955, 15852, 21406),
(31956, 15852, 21407),
(31957, 15852, 21408),
(31958, 15852, 21408),
(31959, 15852, 21409),
(31960, 15852, 21410),
(31961, 15852, 21410),
(31962, 15852, 21410),
(31963, 15852, 21410),
(31964, 15852, 21411),
(31965, 15852, 21411),
(31966, 15852, 21411),
(31967, 15852, 21411),
(31968, 15852, 21411),
(31969, 15852, 21411),
(31970, 15852, 21411),
(31971, 15852, 21411),
(31972, 15852, 21411),
(31973, 15852, 21411),
(31974, 15852, 21411),
(31975, 15852, 21411),
(31976, 15852, 21411),
(31977, 15852, 21411),
(31978, 15852, 21412),
(31979, 15852, 21413),
(31980, 15852, 21413),
(31981, 15852, 21413),
(31982, 15852, 21414),
(31983, 15852, 21414),
(31984, 15852, 21414),
(31985, 15852, 21414),
(31986, 15852, 21415),
(31987, 15852, 21416),
(31988, 15852, 21416),
(31989, 15852, 21417),
(31990, 15852, 21417),
(31991, 15853, 21418),
(31992, 15853, 21418),
(31993, 15853, 21418),
(31994, 15853, 21418),
(31995, 15853, 21419),
(31996, 15853, 21420),
(31997, 15853, 21420),
(31998, 15853, 21420),
(31999, 15853, 21420),
(32000, 15853, 21420),
(32001, 15853, 21420),
(32002, 15853, 21420),
(32003, 15853, 21420),
(32004, 15853, 21421),
(32005, 15853, 21421),
(32006, 15853, 21421),
(32007, 15853, 21421),
(32008, 15853, 21421),
(32009, 15853, 21421),
(32010, 15853, 21421),
(32011, 15853, 21422),
(32012, 15853, 21422),
(32013, 15853, 21422),
(32014, 15853, 21422),
(32015, 15853, 21422),
(32016, 15853, 21422),
(32017, 15853, 21423),
(32018, 15853, 21423),
(32019, 15853, 21423),
(32020, 15853, 21424),
(32021, 15853, 21424),
(32022, 15853, 21424),
(32023, 15853, 21424),
(32024, 15853, 21424),
(32025, 15853, 21424),
(32026, 15853, 21424),
(32027, 15853, 21425),
(32028, 15853, 21425),
(32029, 15853, 21425),
(32030, 15853, 21425),
(32031, 15853, 21425),
(32032, 15853, 21425),
(32033, 15853, 21426),
(32034, 15853, 21426),
(32035, 15853, 21426),
(32036, 15853, 21426),
(32037, 15853, 21426),
(32038, 15853, 21426),
(32039, 15853, 21426),
(32040, 15853, 21426),
(32041, 15853, 21426),
(32042, 15853, 21426),
(32043, 15853, 21426),
(32044, 15853, 21426),
(32045, 15853, 21426),
(32046, 15853, 21426),
(32047, 15853, 21426),
(32048, 15853, 21426),
(32049, 15853, 21426),
(32050, 15853, 21426),
(32051, 15853, 21426),
(32052, 15853, 21427),
(32053, 15853, 21427),
(32054, 15853, 21428),
(32055, 15853, 21429),
(32056, 15853, 21429),
(32057, 15853, 21429),
(32058, 15853, 21430),
(32059, 15853, 21430),
(32060, 15853, 21430),
(32061, 15853, 21430),
(32062, 15853, 21431),
(32063, 15853, 21431),
(32064, 15853, 21431),
(32065, 15853, 21431),
(32066, 15853, 21431),
(32067, 15853, 21431),
(32068, 15853, 21431),
(32069, 15853, 21431),
(32070, 15853, 21431),
(32071, 15853, 21431),
(32072, 15853, 21431),
(32073, 15853, 21431),
(32074, 15853, 21431),
(32075, 15853, 21431),
(32076, 15853, 21431),
(32077, 15853, 21431),
(32078, 15853, 21431),
(32079, 15853, 21431),
(32080, 15853, 21431),
(32081, 15853, 21431),
(32082, 15853, 21431),
(32083, 15853, 21431),
(32084, 15853, 21431),
(32085, 15853, 21431),
(32086, 15853, 21431),
(32087, 15853, 21431),
(32088, 15853, 21431),
(32089, 15853, 21431),
(32090, 15853, 21431),
(32091, 15853, 21431),
(32092, 15853, 21431),
(32093, 15853, 21431),
(32094, 15853, 21431),
(32095, 15853, 21431),
(32096, 15853, 21431),
(32097, 15853, 21431),
(32098, 15853, 21431),
(32099, 15853, 21431),
(32100, 15853, 21431),
(32101, 15853, 21431),
(32102, 15853, 21431),
(32103, 15853, 21431),
(32104, 15853, 21432),
(32105, 15853, 21432),
(32106, 15853, 21432),
(32107, 15853, 21432),
(32108, 15853, 21432),
(32109, 15853, 21432),
(32110, 15853, 21432),
(32111, 15853, 21432),
(32112, 15853, 21432),
(32113, 15853, 21433),
(32114, 15853, 21433),
(32115, 15853, 21434),
(32116, 15853, 21434),
(32117, 15853, 21434),
(32118, 15853, 21434),
(32119, 15853, 21434),
(32120, 15853, 21434),
(32121, 15853, 21434),
(32122, 15853, 21434),
(32123, 15853, 21434),
(32124, 15853, 21434),
(32125, 15853, 21434),
(32126, 15853, 21434),
(32127, 15853, 21434),
(32128, 15853, 21434),
(32129, 15853, 21434),
(32130, 15853, 21434),
(32131, 15853, 21434),
(32132, 15853, 21434),
(32133, 15853, 21434),
(32134, 15853, 21434),
(32135, 15853, 21434),
(32136, 15853, 21434),
(32137, 15853, 21434),
(32138, 15853, 21435),
(32139, 15853, 21435),
(32140, 15853, 21435),
(32141, 15853, 21435),
(32142, 15853, 21436),
(32143, 15853, 21437),
(32144, 15853, 21437),
(32145, 15853, 21437),
(32146, 15853, 21438),
(32147, 15853, 21438),
(32148, 15853, 21438),
(32149, 15853, 21438),
(32150, 15853, 21438),
(32151, 15853, 21438),
(32152, 15853, 21439),
(32153, 15853, 21439),
(32154, 15853, 21439),
(32155, 15853, 21439),
(32156, 15853, 21439),
(32157, 15853, 21439),
(32158, 15853, 21439),
(32159, 15853, 21440),
(32160, 15853, 21440),
(32161, 15853, 21441),
(32162, 15853, 21441),
(32163, 15853, 21442),
(32164, 15853, 21442),
(32165, 15853, 21442),
(32166, 15853, 21443),
(32167, 15853, 21443),
(32168, 15853, 21444),
(32169, 15853, 21444),
(32170, 15853, 21445),
(32171, 15853, 21446),
(32172, 15853, 21446),
(32173, 15853, 21446),
(32174, 15853, 21446),
(32175, 15853, 21446),
(32176, 15853, 21446),
(32177, 15853, 21447),
(32178, 15853, 21447),
(32179, 15853, 21447),
(32180, 15853, 21447),
(32181, 15853, 21447),
(32182, 15853, 21447),
(32183, 15854, 21448),
(32184, 15854, 21448),
(32185, 15854, 21449),
(32186, 15854, 21449),
(32187, 15854, 21449),
(32188, 15854, 21449),
(32189, 15854, 21450),
(32190, 15854, 21450),
(32191, 15854, 21450),
(32192, 15854, 21450),
(32193, 15854, 21450),
(32194, 15854, 21450),
(32195, 15854, 21451),
(32196, 15854, 21451),
(32197, 15854, 21451),
(32198, 15854, 21451),
(32199, 15854, 21451),
(32200, 15854, 21452),
(32201, 15854, 21453),
(32202, 15854, 21453),
(32203, 15854, 21453),
(32204, 15854, 21454),
(32205, 15854, 21455),
(32206, 15854, 21455),
(32207, 15854, 21455),
(32208, 15854, 21455),
(32209, 15854, 21455),
(32210, 15854, 21455),
(32211, 15854, 21455),
(32212, 15854, 21455),
(32213, 15854, 21455),
(32214, 15854, 21455),
(32215, 15854, 21455),
(32216, 15854, 21455),
(32217, 15854, 21455),
(32218, 15854, 21455),
(32219, 15854, 21455),
(32220, 15854, 21455),
(32221, 15854, 21455),
(32222, 15854, 21455),
(32223, 15854, 21455),
(32224, 15854, 21455),
(32225, 15854, 21455),
(32226, 15854, 21455),
(32227, 15854, 21455),
(32228, 15854, 21455),
(32229, 15854, 21456);

-- --------------------------------------------------------

--
-- Tabelstructuur voor tabel `models`
--

CREATE TABLE `models` (
  `id` int(11) NOT NULL,
  `name` varchar(255) NOT NULL
) ENGINE=InnoDB DEFAULT CHARSET=utf8mb4;

--
-- Gegevens worden geëxporteerd voor tabel `models`
--

INSERT INTO `models` (`id`, `name`) VALUES
(19969, 'Hanami Pirouette'),
(19970, 'Women\'s Polka-Dot Slide Slipper with Bow'),
(19971, 'Riverside Leotard'),
(19972, 'LAVRA Women\'s Furry Slide Slip On Slippers'),
(19973, 'THHSPECTRUM-31 6\'\' Prism Heel And With Plain Vamp'),
(19974, 'Highest Heel Womens 4.5 Calf High Boot Carbon Fiber Heel Red Suede Shoe'),
(19975, 'Highest Heel Womens 4.5 Metal d\'Orsay Pump Ankle Strap Red Kid PU Shoes'),
(19976, 'Drew Women\'s Angela Sandals EE EE Drew17023-P'),
(19977, 'Propet Women\'s TravelLite Walking Sneakers Black Nylon Bamboo Mesh EVA Rubber 10 AA'),
(19978, 'Harley Quinn Womens Boots Shoes Costume Suicide Squad Cosplay Movie High Heels'),
(19979, 'Women\'s A2 by Aerosoles Love Spell Loafer'),
(19980, 'Aerosoles Womens Encychlopedia Open Toe Casual Gladiator Sandals'),
(19981, 'Softwalk Womens Hampshire Black Snake Flats Size 6.5'),
(19982, 'Women\'s SoftWalk Meredith Clog'),
(19983, '12753 gycl gray coral skechers shoes women memory foam sport train comfort flex 12753gycl'),
(19984, 'AMBER-1030-6\'\' Ankle Boot With Cut Out Pattern'),
(19985, 'Women\'s Shoes 5 1/2 Covered Platform With Maryjane Strap - White Patent PU'),
(19986, '5\'\' Heel Pumps Shoe'),
(19987, 'Deluxe Knee High Easy Lace Boots'),
(19988, 'MAGNUM-121-D 7 1/2\'\' Gun Heel With Diamond Drilled Bottom and Two Piece'),
(19989, '511-ALLY Thigh High Stretch Boots'),
(19990, 'DOL50 by Pleaser Sexy 5 Chunky Heel Pink Glitter Mary Jane PlatformShoes'),
(19991, '6\'\' Partial Wedge Sandal'),
(19992, 'Sexy Emma Adult Boots'),
(19993, 'Highest Heel AMBER-302-TUSD-10 6 inch Micro Suede Open Toe Western Style Fringe Boot in Turquoise Faux Suede - Size 10'),
(19994, 'PLEASER ADORE-701NG 7 Stiletto Heels Neon Glitter Filled Platform Slide On Mule'),
(19995, 'BP403-Willow 4\'\' Ankle Strap Heel Shoes'),
(19996, 'Womens 6 Neon Green Ankle Bootie With Functional Zipper Pocket Shoes'),
(19997, 'Women\'s Shoes 5 Flame Heel Pump Open Toe On Tractor Outsole - Gold Leop Glitter'),
(19998, 'Highest Heel Womens 5 Sandal Rhinestone Vamp Ankle Cuff Black Suede PU Shoes'),
(19999, 'Highest Heel Women\'s 6 Knee High Platform Side Rocker Metal White Boots'),
(20000, 'Simlu Womens Fitted Leather Bodycon Mini Skirt'),
(20001, 'UGG Australia Women\'s Shaye Rain Boots'),
(20002, 'Ariat A10009398 Womens Western Boot Knee High Pink - One Size'),
(20003, 'Water Shoes for Men Women Barefoot Skin Shoes for Run Dive Surf Swim Shoes Beach Yoga'),
(20004, '1016224 - CLASSIC TALL II 8 / Navy'),
(20005, 'Chenille Ballet Slippers'),
(20006, 'Women\'s Knitted Plaid Print Slippers with Sherpa Fleece Lining'),
(20007, 'Dolce Vita Seema Women\'s'),
(20008, 'Yellow Box Womens Genuine Wedge Sandals'),
(20009, 'Black Stiletto Lace Up Boots'),
(20010, 'Miz Mooz Leather Ankle Booties Goring Dalia A289346'),
(20011, 'New Balance Women\'s Wx811 Bm2 Ankle-High Running Shoe - 6.5W'),
(20012, 'New Balance Women\'s Warnx Lp1 Ankle-High Fabric Running Shoe - 9M'),
(20013, 'New Balance Women\'s Wvngo By Ankle-High Running Shoe - 7.5W'),
(20014, 'Steve Madden Women\'s Saturn Black Leather Pump - 9M'),
(20015, 'Steve Madden Women\'s Notice Rose Gold Ankle-High Leather Pump - 9M'),
(20016, 'Penny Loves Kenny Women\'s Onset Black Microsuede Pump - 9M'),
(20017, 'Puma Women\'s Fierce Core Ultra Magenta / White Ankle-High Rubber Basketball Shoe - 8M'),
(20018, 'Steve Madden Women\'s Madelena Suede Black Pump - 9M'),
(20019, 'Asics Women\'s Gel-Cumulus 18 G-Tx Aluminum / Aquarium Neon Lime Ankle-High Running Shoe - 9M'),
(20020, 'Lauren Ralph Women\'s Helaine-Sn-Csl Leather Safari Gold Ankle-High Pump - 9M'),
(20021, 'Steve Madden Women\'s Lucid Tan Suede Ankle-High Leather Pump - 8.5M'),
(20022, 'Charles By David Women\'s Sasha Leather Black Ankle-High Pump - 9.5M'),
(20023, 'Lauren Ralph Women\'s Hala-Pm-Drs Suede Charcoal Ankle-High Leather Pump - 8.5M'),
(20024, 'Steve Madden Women\'s Carnival Rose Gold Ankle-High Leather Pump - 5M'),
(20025, 'Steve Madden Women\'s Andrea Leather Black Pump - 9M'),
(20026, 'Lifestride Women\'s Kimmy Black Ankle-High Pump - 8M'),
(20027, 'Skechers Women\'s Go Run 600 - Obtain Navy / White Ankle-High Running Shoe 8M'),
(20028, 'Muck Boot Company Women\'s Muckster Ii Low Black / Purple Ankle-High Rubber Rain Shoe - 7M'),
(20029, 'Puma Women\'s Classic Suede Dazzling Blue/Black/Yellow Ankle-High Fashion Sneaker - 6.5M'),
(20030, 'Puma Women\'s Enzo Strap Mesh Ankle-High Fashion Sneaker - 7.5M - Blue Indigo / Puma White'),
(20031, 'Toms Women\'s Deconstructed Alpargata Rope Suede Navy Tassel Ankle-High Slip-On Shoes - 8.5M'),
(20032, 'Steve Madden Women\'s Coralref Gold Ankle-High Flat Shoe - 6M'),
(20033, 'Asics Women\'s Gel-Craze Tr 4 Diva Blue / Silver White Ankle-High Running Shoe - 8M'),
(20034, 'Skechers Women\'s Go Run 600 - Obtain Black / Gray Ankle-High Running Shoe 8.5M'),
(20035, 'Reebok Women\'s Zprint Her Elle Mtm Grey / Coal Vitamin C White Ankle-High Fabric Running Shoe - 10M'),
(20036, 'Sorel Women\'s Joanie Gladiator 2 Olive Drab Ankle-High Wedged Sandal - 7.5M'),
(20037, 'Tretorn Women\'s Carry 4 Velvet Patent Leather Nero / Black Ankle-High Fashion Sneaker - 7.5M'),
(20038, 'Steve Madden Women\'s Ella Suede Black Pump - 8M'),
(20039, 'Steve Madden Women\'s Imelda Suede Black Pump - 9M'),
(20040, 'Asics Women\'s Gel-Cumulus 19 Black / Silver Pink Peacock Ankle-High Running Shoe - 10M'),
(20041, 'Sorel Women\'s Out N About Moccasins Black 9.5 B(M) US'),
(20042, 'Toms Women\'s Del Rey Chambray Black Slub Ankle-High Canvas Fashion Sneaker - 9.5M'),
(20043, 'Exotic Identity Tall Rain Boots-Non-slip 100 Waterproof for Women - 9M - Matte Red'),
(20044, 'Madden Girl Women\'s Arrcade Black Mid-Top Boot - 5M'),
(20045, 'Madden Girl Women\'s Stormmm Silver Multi Ankle-High Fabric Slip-On Shoes - 9M'),
(20046, 'Vans Women\'s Rhea Sf Square Perf Gossamer Green Ankle-High Leather Skateboarding Shoe - 7.5M'),
(20047, 'Steve Madden Women\'s Rue Leather Natural Pump - 9M'),
(20048, 'New Balance Women\'s Wc1006 Pw Ankle-High Running Shoe - 11M'),
(20049, 'INC International Concepts Garoldd Strappy High Heel Dress Sandals'),
(20050, 'Avia Women\'s Avi-Strike White / Pink Grey Ankle-High Rubber Running Shoe - 11M'),
(20051, 'TOMS Womens Desert Wedges Boot'),
(20052, 'Steve Madden Women\'s Wren Silver Satin Pump - 8M'),
(20053, 'Puma Women\'s Fenty Trainer Hi Black / White Knee-High Fabric Boot - 7.5M'),
(20054, 'Asics Women\'s Gel-Torrance Mysterioso / Black Aluminum Ankle-High Running Shoe - 10M'),
(20055, 'Steve Madden Women\'s Genevieve Cognac Pump - 9.5M'),
(20056, 'Grasshoppers Women\'s Janey Ii Knit Sneaker'),
(20057, 'Lauren Ralph Women\'s Aleena-Sn-Drs Leather Polo Tan Ankle-High Pump - 9M'),
(20058, 'Sorel Slimpack II Lace - 6M - Redwood / British Tan'),
(20059, 'Skechers Women\'s Mantra Ultra - Forte Navy / White Ankle-High Fashion Sneaker 7M'),
(20060, 'Puma Women\'s Suede Platform Celebrate Black / White Gold Ankle-High Leather Fashion Sneaker - 10M'),
(20061, 'Under Armour Women\'s Speedform Xc Solid Grey / Element Rebel Pink Ankle-High Running Shoe - 9.5M'),
(20062, 'Mizuno Women\'s Wave Enigma 6 Blue / Grey Orange Fashion Sneaker - 10M'),
(20063, 'Puma Carson 2 Metallic Running Shoe Women - 9.5M - Puma Black / Gold'),
(20064, 'Women\'s Dynamight Fleetly Gray Ankle-High Running Shoe - 7M'),
(20065, 'New Balance Women\'s Wspt Lo1 Ankle-High Mesh Running Shoe - 8M'),
(20066, 'Steve Madden Women\'s Charity Mauve Fabric Pump - 6M'),
(20067, 'Toms Women\'s Classic Chambray Rope Sole Imperial Blue Dot Ankle-High Canvas Slip-On Shoes - 9M'),
(20068, 'Adult Gore Top Jazz Shoes'),
(20069, 'Asics Women\'s Gel-Fujitrabuco 6 Mid Grey / Carbon Evening Sand Ankle-High Running Shoe - 8.5M'),
(20070, 'Ahnu Women\'s Yoga Flex Dark Orchid Ankle-High Cross Trainer Shoe - 7.5M'),
(20071, 'New Balance Women\'s Wstro Lb1 Ankle-High Running Shoe - 5.5W'),
(20072, 'New Balance Women\'s Wc996 Tp2 Ankle-High Tennis Shoe - 5M'),
(20073, 'New Balance Women\'s Ws247 Ff Ankle-High Fashion Sneaker - 6.5M'),
(20074, 'Toms Women\'s Classic Striped Canvas Dark Grey Stripe University Ankle-High Flat Shoe - 10M'),
(20075, 'Miz Mooz Tulia Women\'s Combat Boot'),
(20076, 'Women\'s Propet BREEZE Strap Sandals BRONZE 9.5 (4E)'),
(20077, 'Airess Tapered Toe (MaxiFirm) Pointe Shoe'),
(20078, 'Baretraps Womens Kaiser Faux Leather Strappy Flats'),
(20079, 'Womens Allie Cork Peep-Toe Wedge Sandals'),
(20080, 'women\'s ros hommerson joyce cap toe pump'),
(20081, 'Women\'s SAS Capri Sandals'),
(20082, 'Women\'s Easy Street Origin Clog'),
(20083, 'easy street cecilia round toe synthetic mary janes'),
(20084, 'Ros Hommerson Womens Cameo Leather Closed Toe Ankle Strap Mary Jane Flats'),
(20085, 'Dr. Scholl\'s Womens Svetlana Faux Leather Pointed Toe D\'Orsay'),
(20086, 'Steve Madden Womens Sneaky Espadrille Open Toe Platform Sandals'),
(20087, 'Lauren Ralph Lauren Womens Meira Solid Thong Wedges'),
(20088, 'Palladium Womens Baggy Leather Knit Leather Lace-Up Combat Boots'),
(20089, 'Steve Madden Womens Satya Criss Cross Open-Toe Heels'),
(20090, 'Palladium Womens Pallabrouse Baggy Canvas Fold-Over Combat Boots'),
(20091, 'Franco Sarto Womens CUTLER Knee High Boot'),
(20092, 'Sperry Top -Sider Syren Gulf Duck Toe Boot - Navy/Brown - Womens - 9.5'),
(20093, 'New Balance Women\'S District Run V1 Cush + Sneaker Black'),
(20094, 'Women\'s Trotters Mia Slide Wedge Sandal'),
(20095, 'Women\'s Ros Hommerson Nadia Walking Shoe'),
(20096, 'Women\'s SoftWalk Beaumont Laser Thong Sandal'),
(20097, 'Coach Monroe Women\'s Boots'),
(20098, 'Women\'s SoftWalk Tanglewood'),
(20099, 'women\'s ryka jamboree slip on'),
(20100, 'Carlos by Carlos Santana Women\'s Felicity Fashion Boot'),
(20101, 'MICHAEL Michael Kors Womens Sabrina Leather Closed Toe Over Knee Fashion Boots'),
(20102, 'Women\'s SoftWalk Rock Creek Wide Calf Boot'),
(20103, 'Under Armour Horizon STR Womens Running Shoe'),
(20104, 'Ladies Baroque Lace Up Laced Paddock Boots'),
(20105, 'Women\'s Jambu Amal Water Resistant Bootie'),
(20106, 'Not Rated Womens Cowgirl Star Booties'),
(20107, 'Unique Bargains Women\'s Block Heel Round Toe Over the Knee Boots'),
(20108, 'Unique Bargains Women\'s Block Heel Lace-Up Cutout Ankle Boots'),
(20109, 'CORRAL Women\'s Distressed Black Full Studded Snip Toe Cowgirl Boots C2791 (9.5 B(M) US)'),
(20110, 'white mountain \'sunbathe\' women\'s moccasin'),
(20111, 'Women\'s Santo Dress Sandal'),
(20112, 'Brooks Ghost 10 - Womens'),
(20113, 'dawn ari platinum wedge sandals'),
(20114, 'Unique Bargains Women\'s Cutout Sides Stiletto Ankle Tie Sandals'),
(20115, 'Unique Bargains Women\'s Crisscross Strappy Heeled Sandals'),
(20116, 'Skechers Good Luck Running Women\'s Shoes Size 5'),
(20117, 'Vionic Spark Minna Orthaheel Ballet Flat Loafer Shoe - Womens'),
(20118, 'UGG Australia Adirondack Boot II Boots - Womens'),
(20119, 'CORRAL Women\'s Distressed Bronze Crystal Embroidered Cross Cowgirl Boot Snip Toe Bronze 10 M US'),
(20120, 'Bjorndal Womens Rachel Wedge Heel Chukka Bootie Shoes'),
(20121, 'Wave Daichi 2 Womens - Mizuno'),
(20122, 'Women\'s Trotters Candice Mary Jane'),
(20123, 'PYPE Women Contrast Sole Breathable Mesh Running Shoes'),
(20124, 'women\'s trotters shannon ankle boot'),
(20125, 'Women\'s Beacon Shoes Surprise Skimmer'),
(20126, 'Callisto Women\'s Advisor Camel Pump - 11M'),
(20127, 'Steven By Steve Madden Womens Nc-Excit Round Toe Ankle Chelsea Boots'),
(20128, 'Steve Madden Womens Esther Closed Toe Loafers'),
(20129, 'women\'s softwalk ramsey lace chukka bootie'),
(20130, 'Women\'s Liz Tumbled Flat'),
(20131, 'PEERAGE Fay Women Wide Width Pointed Toe Patent Leather Dress Slingback Flat with Stack Heel RED 11'),
(20132, 'Women\'s Wide Calf Microsuede Slouch Boots'),
(20133, 'Women\'s Nazareth Laser Cut Sandal'),
(20134, 'Women\'s Nametag Bootie'),
(20135, 'Skechers Active Breathe Easy Fortuneknit Women\'s Casual Sneaker 23028'),
(20136, 'Women\'s Krista Lace Up Bootie'),
(20137, 'Women\'s Drew Joy'),
(20138, 'easy street women\'s proper pump (sand super suede)'),
(20139, 'women\'s trotters below zero waterproof ankle boot'),
(20140, 'FUZZY Anita Women\'s Wide Width Walking Shoes'),
(20141, 'Women\'s Fergie Footwear Bless Ankle Boot'),
(20142, 'Chinese Laundry Womens Mystical Faux Suede Riding Over-The-Knee Boots'),
(20143, 'J75 by Jump STRONG Women Round Toe Mid-Calf Military Boot Cheetah Print M US 5 Women'),
(20144, 'Unique Bargains Women\'s Block Heel Lace-Up Cutout Ankle Boots Navy Blue (Size 7)'),
(20145, 'Women\'s Twisted X Boots Driving Moc Chukka'),
(20146, 'Women\'s Fergalicious Tinley Knee High Wide Calf'),
(20147, 'Women\'s Ryka Niah Chelsea Boot'),
(20148, 'Unique Bargains Women\'s Strap Decor Round Toe Block Heel Bootie Navy Blue (Size 9)'),
(20149, 'Women\'s White Mountain Declan Ankle Boot'),
(20150, 'Women\'s SoftWalk Fairhill Bootie'),
(20151, 'Alfani Womens Vennuss Closed Toe Knee High Fashion Boots'),
(20152, 'Women\'s Grace Bootie'),
(20153, 'Inc International Concepts Womens Rielee Fabric Open Toe Mid-Calf Fashion Boots'),
(20154, 'Steve Madden Womens Satisfied Solid Lace Up Booties'),
(20155, 'Women\'s Bella Vita Define Pointy Pump'),
(20156, 'Women\'s Ria Cage Heel'),
(20157, 'Women Buckle Accent Wide Calf Boots'),
(20158, 'Women\'s Slouchy Wide Calf Boots'),
(20159, 'Women\'s David Tate Terra'),
(20160, 'Giani Bernini Womens Raiven Leather Closed Toe Knee High Fashion Boots Fashio...'),
(20161, '15350 CCTQ Skechers Women\'s Go Walk Lite-15350 Sneaker'),
(20162, 'Lifestride Women\'s Darcy Wedge Pump'),
(20163, 'Dolce Vita Womens Adalea Open Toe Casual Slide Sandals'),
(20164, 'Lifestride Women\'s Lively 2 Pump'),
(20165, 'Alfani Womens Aleaa Leather Round Toe Ballet Flats'),
(20166, 'Soft Style Womens Angel Ii Brocade Pumps Size 6 (2E)'),
(20167, 'FLORAL Staci Women\'s Wide Width Peep Toe Glitter Bow with Jewel Slingback Pump GOLD 9.5'),
(20168, 'Women\'s Aerosoles North Square Ankle Boot'),
(20169, 'Indigo Rd. Womens Jallen Fabric Closed Toe Ankle Strap Platform Pumps'),
(20170, 'Women\'s Jambu JBU Cynthia Mary Jane'),
(20171, 'FLORAL Irene Women\'s Wide Width Open Toe Perforated Outer Design Slip On Shoes GOLD 6'),
(20172, 'Women\'s Genuine Grip Footwear Slip-Resistant Athletic'),
(20173, 'Women\'s Aerosoles Get Smart Ballet Flat'),
(20174, 'Women\'s Vionic with Orthaheel Technology Blakely Slingback Heel'),
(20175, 'Women\'s Glitter Open-toe Metallic Wedges'),
(20176, 'Women\'s Taft T Strap Sandal'),
(20177, 'Dr. Comfort Refresh Women\'s Athletic Shoe: 4 Medium (A/B) Blue Elastic Standard Laces'),
(20178, 'Women\'s Timberland PRO Renova Professional Slip-On'),
(20179, 'Lifestride Womens Listed Closed Toe Wedge Pumps'),
(20180, 'Aerosoles Women\'s Mid Level Heeled Sandal'),
(20181, 'Women\'s Dyeables Sienna'),
(20182, 'Faded Glory Women\'s Scrunch Ballet Flat'),
(20183, 'Women\'s Trotters Gloria'),
(20184, 'Women\'s Jacey Walking Shoe'),
(20185, 'Women\'s Drew Cairo'),
(20186, 'Women\'s Vionic with Orthaheel Technology Romi Loafer'),
(20187, 'Walking Cradles Womens Orleans Round Toe Loafers'),
(20188, 'Marc Joseph New York Womens Chambers St Closed Toe Loafers'),
(20189, 'Vaneli Womens Kimi Round Toe Loafers'),
(20190, 'Womens Ameliaa Leather Closed Toe Loafers'),
(20191, 'Propet Madeline - Removable Insole Sandals - Women\'s - Black'),
(20192, 'Easy Spirit Women\'s Antil Driving Style Loafer'),
(20193, 'Vasque Women\'s Eriksson GTX Burgundy Hiking Boot 7.5 W'),
(20194, 'Women\'s Aerosoles West Side Over-the-Knee Boot'),
(20195, 'Women Contrast Color PU Panel Mesh Training Shoes'),
(20196, 'JBU by Jambu Edith Women Round Toe Synthetic Gray Winter Boot'),
(20197, 'Women\'s PUMA Tazon 6'),
(20198, 'New Women\'s Reebok Furylite Contemporary Training Shoes - Pick Size Color'),
(20199, 'Steven By Steve Madden Womens Shams Open Toe Casual Gladiator Sandals'),
(20200, 'Trinidad Women\'s Sandal'),
(20201, 'Rock Candy Womens Tavin Closed Toe Ankle Fashion Boots'),
(20202, 'Giani Bernini Womens Fayee Open Toe Special Occasion Strappy Sandals'),
(20203, 'Women\'s Cheer Bow Mule'),
(20204, 'Women\'s Trotters Jenkins Slip-On'),
(20205, 'Women\'s Extra Wide Calf Knee-high Studded Riding Boots'),
(20206, 'Women\'s Trotters Joy Sneaker'),
(20207, 'Women\'s Drew Parade II'),
(20208, 'Propet Stability Walker - womens - Sport White'),
(20209, 'New TOMS Womens Elisa Clog Leather Heeled Clogs'),
(20210, 'Women\'s Propet Kate'),
(20211, 'Women\'s Jambu JSport Misty Encore Vegan Mary Jane'),
(20212, 'Franco Sarto Women\'s Talinda2 Espadrille Wedge Sandal'),
(20213, 'Style Co. Womens Baileyy Split Toe Casual Ankle Strap Sandals'),
(20214, 'Women\'s David Tate Heart Ballet Flat'),
(20215, 'Women\'s David Tate Reba Wedge Sandal'),
(20216, 'women\'s aerosoles sparkle gladiator sandal'),
(20217, 'Trotters Lillian W Square Toe Leather Bootie'),
(20218, 'Women\'s A2 by Aerosoles My Way Biker Boot'),
(20219, 'Women\'s Fergalicious Bunker Ankle Bootie'),
(20220, 'David Tate Women\'s LACEY Natural Ballet Flats 11.5 M'),
(20221, 'Women\'s A2 by Aerosoles Fair Bet Ballet Flat'),
(20222, 'Style Co. Womens Alysonn2 Closed Toe Slide Flats'),
(20223, 'Women\'s Propet SAPPHIRE Mary Janes BLUE 10 (2E)'),
(20224, 'Women\'s Extra Wide Calf Buckle Slouch Low-wedge Boots'),
(20225, 'ASICS Women\'s Amplica Running Shoe'),
(20226, 'Womens Madeira Leather Almond Toe'),
(20227, 'Women\'s Bellini Flavor'),
(20228, 'Womens Ruffle Faux Suede Ankle-strap Heels'),
(20229, 'Vaneli Womens Rickie Leather Cap Toe Classic Pumps'),
(20230, 'OwnShoe Women\'s Fashion Mid Calf Waterproof Rubber Rainboots'),
(20231, 'women\'s diba true new year peep toe wedge'),
(20232, 'Original Collection Women\'s Vienna Slip On'),
(20233, 'Women\'s Propet VIOLET Strap Sandals BRONZE 11 D'),
(20234, 'Dolce Vita Womens Katlee Open Toe Casual Slide Sandals'),
(20235, 'Dolce Vita Women\'s Delana Slide Sandal'),
(20236, 'Dolce Vita Womens Lisa Leather Open Toe Special Occasion Platform Sandals'),
(20237, 'Alfani Womens Novaa Closed Toe Over Knee Fashion Boots'),
(20238, 'Alfani Womens Viollet Suede Suede Closed Toe Ankle Fashion Boots'),
(20239, 'Franco Sarto Georgetta Women Open Toe Leather Black Gladiator Sandal'),
(20240, 'White Mountain Womens Remi Round Toe Knee High Fashion Boots'),
(20241, 'Genuine Grip Women\'s Black Casual Oxford Shoe'),
(20242, 'Women\'s Carlos by Carlos Santana Teagan Thong Sandal'),
(20243, 'trotters women\'s mindy black tumbled leather boot 10 n (aa)'),
(20244, 'Women\'s Propet STEPHANIE Velour Oxfords RED 7 D'),
(20245, 'Women\'s Trotters Blast III Boot'),
(20246, 'women\'s trotters bowen tall waterproof boot'),
(20247, 'women\'s lillian bootie'),
(20248, 'trotters women\'s lyra wide calf black embossed snake/leather 12 ww (ee)'),
(20249, 'Genuine Grip Footwear Womens 1110 Athletic'),
(20250, 'Women\'s David Tate Opera Pump'),
(20251, 'Women\'s David Tate Festive Thong Sandal'),
(20252, 'Women\'s August Slouchy Wide Calf Boots'),
(20253, 'Indigo Rd. Womens Taylin Closed Toe Ankle Fashion Boots'),
(20254, 'Women\'s Diba True Flying Solo Bootie'),
(20255, 'Women\'s Diba True Idaho City Open Toe Bootie'),
(20256, 'Women\'s White Mountain Davenport Ankle Boot'),
(20257, 'Women\'s A2 by Aerosoles Best Role Bootie'),
(20258, 'trotters women\'s mindy black tumbled leather boot 9.5 n (aa)'),
(20259, 'Women\'s Aerosoles Get Going Ankle Boot'),
(20260, 'Women\'s Aerosoles Mid Level Block Heel Slide'),
(20261, 'Women\'s Aerosoles Incentive Bootie'),
(20262, 'Women\'s Jambu JBU Ontario Mid Duck Boot'),
(20263, 'Fergalicious Women\'s Prayer Doe High-Top Boot - 5.5M'),
(20264, 'Brinley Womens Jeweled Open-toe Pump'),
(20265, 'Easy Spirit Womens Devitt Leather Closed Toe Oxfords'),
(20266, 'women\'s jambu jbu crimson slip on'),
(20267, 'Women\'s Piper Slip On Sneaker'),
(20268, 'Yellow Box Women\'s Attwell Flat Sandal'),
(20269, 'Women\'s Genuine Grip Footwear Slip-Resistant Slip-on Zipper'),
(20270, 'SAS Womens Me Too Leather Low Top Walking Shoes'),
(20271, 'Avia Womens Rove Athletic Sneakers'),
(20272, 'women\'s a2 by aerosoles craftwork riding boot'),
(20273, 'Esther Buckle Leather Clogs'),
(20274, 'Women\'s Aerosoles Vitamin Slingback Mule'),
(20275, 'Women\'s Trotters Lansing'),
(20276, 'Touch Ups-Adeline Black Lamy-4216-Size7'),
(20277, 'Benjamin Walk Holly - Color - Silver / Size - 8 M'),
(20278, 'Benjamin Walk Isadora - Color - Silver / Size - 7.5 M'),
(20279, 'Women\'s David Tate Superb Quarter Strap Sandal'),
(20280, 'Women\'s David Tate Squish Hook and Loop Sandal'),
(20281, 'Women\'s David Tate Briana Wedge Sandal'),
(20282, 'women\'s david tate verona wedge slide'),
(20283, 'touch ups women\'s amber navy glitter sandal 9.5 m'),
(20284, 'Dyeables Jasper - Color - Silver / Size - 8 M'),
(20285, 'Dyeables Whitta - Color - Silver / Size - 8.5 M'),
(20286, 'touch ups women\'s whitta nude patent sandal'),
(20287, 'Brinely Co. Women\'s Mid-calf Wide Calf Riding Boots'),
(20288, 'Women\'s Old West 12 Inch Snip Toe Fashion Wear Cowboy Boot'),
(20289, 'Women\'s Dan Post Boots Melba DP3515'),
(20290, 'Women\'s Old West 12 Inch Snip Toe Fashion Wear Fringe Cowboy Boot'),
(20291, 'Style Co. Womens Mandyy Closed Toe Ankle Cowboy Boots'),
(20292, 'Beacon Womens Mercedes Open Toe Casual Platform Sandals'),
(20293, 'Old West Women\'s 11 Inch Narrow Round Toe Cowboy Boot'),
(20294, 'Women\'s Drew Motion V'),
(20295, 'Women\'s Drew Fusion'),
(20296, 'Women\'s Propet MONTERREY Comfort Clogs BROWN 6.5 (2E)'),
(20297, 'bella vita kimmy ww open toe leather sandals'),
(20298, 'Franco Sarto Womens Hampton Leather Ankle Booties'),
(20299, 'Naturalizer Womens Tinda Mid Heels Dress Sandals'),
(20300, 'Michael By Michael Shannon Ginnie Side Zip Up Bootie Shoes'),
(20301, 'Women\'s David Tate Pearl Loafer'),
(20302, 'Women\'s Sam Edelman Tinsley Rain Bootie'),
(20303, 'Soft Style by Hush Puppies Womens Valda Toe Cap Oxfords'),
(20304, 'Women\'s David Tate Palm'),
(20305, 'Muck WAW-600 Women\'s Arctic Weekend Insulated Winter Boots Black/Maroon'),
(20306, 'Call It Spring Womens Hailassi Booties Ankle Sock Boot'),
(20307, 'Revelstoke Womens Hannah Faux Fur Lined Mid Calf Winter Boots'),
(20308, 'Womens Maliyah Leather Open Toe Wedge Sandals'),
(20309, 'Volatile Womens Accolade Ankle Booties Ankle Boots'),
(20310, 'Toms Women\'s Viv Specchio Rose Gold Sandal - 8M'),
(20311, 'Womens Willow Lace Embellished Flat Sandals'),
(20312, 'Qupid Womens Diamond Faux Suede Strappy Dress Sandals'),
(20313, 'Caterpillar Womens Sabrina Wool Mid Calf Casual Boots'),
(20314, 'Naughty Monkey Womens Nadonna Jacquard Block Heel Booties'),
(20315, 'Very Volatile Womens Shakee Cowgirl Braided Booties'),
(20316, 'Delicious Women\'s Faux Suede Open Toe Chunky Block Heel Ankle Bootie'),
(20317, 'Wild Diva Women\'s Faux Leather Perforated Closed Toe Side Zipper Chunky Heel Ankle Boot'),
(20318, 'Carter\'s Kids\' Girls\' Nancy2 Fashion Boot'),
(20319, 'Forever FM99 Girl\'s Glitter Lace Up White Sole Street Sneakers'),
(20320, 'Fitflop Womens Superchelsea Pull On Leather Boot Shoes'),
(20321, 'Puma Women\'S Ballast Mid Sneaker'),
(20322, 'Volatile Womens Merrick Ankle Bootie'),
(20323, 'Womens Flats Ballet Shoes Soft Vegan Jersey Comfortable Basic Slip On Shoe'),
(20324, 'Fila Disruptor Shearling Boots - Beige 2060 - Womens - 7'),
(20325, 'Annie Shoes Women\'s Late Night Pump'),
(20326, 'Charles David Womens \'Sofian\' Heeled Sandal Shoe'),
(20327, 'Women\'s Ryka Sky Walk Sneaker'),
(20328, '500-Funk Adult Shoes'),
(20329, 'Women\'s Chic Combat Lace Up Pull On Tab Stacked Heel Ankle Bootie'),
(20330, 'Carlos By Carlos Santana Womens Blythe Almond Toe Ankle Fashion Boots'),
(20331, 'White Mountain Women\'s Riza Ankle Bootie'),
(20332, 'BP579-CHABLIS 5.5\'\' Heel Platform Ankle Boot'),
(20333, 'Bogs Outdoor Shoes Womens Ramsey Patent Leather Waterproof 71794'),
(20334, 'City Classified Women\'s Round Toe Braided Strap Ankle Boot'),
(20335, 'Faux Suede Peep Toe - Thigh High Zipper Closure Lace Up - Chunky High Heel Over The Knee Boot 9'),
(20336, 'J. Adams Low Slip On Sandal Slide - Comfortable Everyday Block Heel - Trendy Slipper S'),
(20337, 'LILIANA ROMANE-1 Women\'s Chunky Heel Riding Ankle Booties'),
(20338, 'City Classified Women\'s Faux Suede Mid Calf Stacked Heel Boot'),
(20339, 'naughty monkey women\'s in lyne ankle bootie'),
(20340, 'Breckelles Women\'s HEATHER-34 Faux Suede Chunky Heel Ankle Booties Wine Suede 6.5'),
(20341, 'Ll Gisele-7 Thigh High Stretchy Suede Material Pointy Toe Stiletto Heel Boots Black'),
(20342, 'Lug Combat Cap Toe Booties Women\'s Vegan Leatherette Ankle Boots'),
(20343, 'Bamboo Women\'s Peep Toe Slingback Block Stacked Heel'),
(20344, 'Franco Sarto Womens Knoll Suede Square Toe Knee-High Boots'),
(20345, 'Breckelles Womens Faux Leather D\'Orsay Pointed Toe Flats'),
(20346, 'Easy USA - Womens Canvas Lace Up Shoe with Padded Insole Red / 6 B(M) US'),
(20347, 'Sara Z Womens 15 Pu Knee High Boots with Back Lace 9 Black'),
(20348, 'K-Swiss St329 Cmf Sneaker - Womens'),
(20349, 'Reebok Crossfit Grace TR Running Shoe - Womens'),
(20350, 'DBDK Womens Calcia-6 Round Toe Knee High Combat Riding Boots with Side Zipper'),
(20351, 'Forever Link Womens Mango-31 Round Toe Military Lace Up Knit Ankle Cuff Low Heel Combat Boots'),
(20352, 'Unique Bargains Women\'s Stiletto Heel Lace Up Dress Sandals'),
(20353, 'De Blossom Womens Yael-71 Stunning Glitzy Evening Party Heels Sandals Shoes'),
(20354, 'De Blossom Gap-28 Bridal Formal Evening Party Ankle Strap High Heel Peep Toe Glitter Sandal'),
(20355, 'Bamboo Womens Odessa-07 Lug Sole Fisherman Gladiator Heel Fashion-Sandals'),
(20356, 'Carrini Ca Collection Women\'s Fashion Fa'),
(20357, 'Soda Women\'s Harlyn-S Leatherette Cutout Peep Toe Booties'),
(20358, 'Soda Women\'s Indeed Western Elastic Side Stacked Heel Ankle Boot'),
(20359, 'Soda Women LODE-H Western Boots'),
(20360, 'City Classified Women\'s Strappy Lug Platform Stacked Block Heel Ankle Bootie'),
(20361, 'Wild Diva Timberly-65 Women\'s Fashion Lace Up Buckle Knee High Combat Boots'),
(20362, 'City Classified Women\'s Open Toe Faux Suede Slingback Chunky Block Mid Heel Boot'),
(20363, 'Soda Women Crest flats-shoes'),
(20364, 'Soda Women\'s Linen Crochet Elastic Ankle Wrap Espadrille Wedge'),
(20365, 'Delicious By Soda Yummy Cutout Stacked Heel Sandal'),
(20366, 'Charles Albert Women\'s Cablee Combat Boot with Plaid Foldover Cuff in Brown Size: 6'),
(20367, 'New Balance WL999LWA: 999 Elite Edition Lost Worlds TEAL Premium Comfort Sneaker'),
(20368, 'Soda Women\'s Closed Toe Elastic Side White Rubber Sole Loafer Slip On'),
(20369, 'Qupid Western Slip On Stacked Heel Bootie - Distressed Ankle Pull Cowboy Women\'s Boot'),
(20370, 'J. Adams Ankle Strap High Heel Strappy Sandal - Dress Wedding Shoe - Sexy Comfortable'),
(20371, 'FitFlop Womens Lulu Slide Open Toe Wedge Sandal'),
(20372, 'Skechers SUMMITS - QUICK GETAWAY Sneaker - BLACK/LIGHT BLUE - Womens - 9.5'),
(20373, 'Women\'s Pointed Toe Elastic Wedge Ankle Brown Boots - 10 M US'),
(20374, 'mizuno womens running shoes - women\'s wave horizon 2 running shoe - 410982'),
(20375, 'New Balance Women\'s W840 Sp2 Ankle-High Running Shoe - 5.5W'),
(20376, 'Fila Women\'s Forward 2 White / Atomic Blue Safety Yellow Ankle-High Running Shoe - 7.5M'),
(20377, 'Steve Madden Women\'s Leigh Suede Black Ankle-High Leather Pump - 7.5M'),
(20378, 'Asics Women\'s Fuzex Rush Cm Carbon / Flash Coral Ankle-High Running Shoe - 11M'),
(20379, 'Puma Women\'s Ignite Evoknit Lo Black / Electric Purple Quiet Shade Ankle-High Running Shoe - 10M'),
(20380, 'Jack Rogers Women\'s Chloe Natural Midnight High-Top Rubber Rain Boot - 10M'),
(20381, 'Blowfish Women\'s Kinder Faux Leather Taupe Ankle-High Boot - 6M'),
(20382, 'Ahnu Women\'s Montara Waterproof Boot Muir Green High-Top Leather Hiking - 6.5M'),
(20383, 'Khombu Women\'s Northstar Fossil Mid-Calf Suede Snow Boot - 10M'),
(20384, 'Lauren Ralph Lauren Women\'s Rube-Pm-Drs Leather Ankle-High Leather Pump'),
(20385, 'Women\'s Charles by Charles David Kitten Pump'),
(20386, 'Steve Madden Women\'s Fiona Nubuck Black Pump - 7.5M'),
(20387, 'Skechers Women\'s Go Run Mojo - Verve Navy / Teal Ankle-High Running Shoe 9M'),
(20388, 'Lauren Ralph Lauren Women\'s Hala-Pm-Drs Leather Ankle-High Leather Pump'),
(20389, 'Ryka Women\'s Aries Black / Grey Blue Fashion Sneaker - 6.5M'),
(20390, 'Puma Women\'s Vikky Leather/Synthetic Black/White Ankle-High Leather Fashion Sneaker - 9M'),
(20391, 'Avia Womens Rise Athletic Sneakers'),
(20392, 'Sanuk Women\'s Yoga Sling 2 Metallic LX Charcoal / Silver Ankle-High Sandal - 8M'),
(20393, 'Steve Madden Women\'s Alpha Black Leather Sandal - 11M'),
(20394, 'Inc International Concepts Womens Raechie2 Open Toe Special Occasion Strappy ...'),
(20395, 'Bar Iii Womens Victor Fabric Open Toe Casual Ankle Strap Sandals'),
(20396, 'New Balance Women\'s Wcoas Gp2 Suede Running Shoe - 8M'),
(20397, 'Steve Madden Women\'s Gleam Gold Glitter Pump - 7M'),
(20398, 'Steve Madden Women\'s Latitude Dark Blush Patent Pump - 8M'),
(20399, 'Franco Sarto Women\'s L-Rye Silver Sy Sandal - 8M'),
(20400, 'Toms Women\'s Desert Wedge Boot Black Suede Shrlng Ankle-High - 8M'),
(20401, 'New Balance Women\'s Ww1065 Bk Ankle-High Running Shoe - 5.5N'),
(20402, 'Asics Women\'s Gel-Frequency 3 Black / Silver Pink Ankle-High Walking Shoe - 9W'),
(20403, 'Penny Loves Kenny Women\'s Mixed Green Pump - 8.5M'),
(20404, 'New Balance Women\'s Wx711 Cg3 Ankle-High Mesh Running Shoe - 11M'),
(20405, 'Dolce Vita Women\'s Juels Silver Pump - 8.5M'),
(20406, 'Steve Madden Women\'s Laela Blush Velvet Pump - 10M'),
(20407, 'Blowfish Women\'s Granola Black Ankle-High Sandal - 8M'),
(20408, 'Dolce Vita Women\'s Romeo Natural Ankle-High Leather Sandal - 8.5M'),
(20409, 'Steve Madden Women\'s Irenee Grey Suede Ankle-High Leather Pump - 8.5M'),
(20410, 'Charles By Charles David Women\'s Sasha Leather Ankle-High Leather Pump'),
(20411, 'Madden Girl Women\'s Violaaa Fabric Black Ankle-High Pump - 8.5M'),
(20412, 'Women\'s Yet Another Faux Leather Taupe Sandal - 8M'),
(20413, 'Puma Women\'s Blaze Of Glory Decor Black Ankle-High Fashion Sneaker - 7M'),
(20414, 'Saucony Womens Cohesion 11 Low Top Lace Up Running Sneaker'),
(20415, 'Puma Women\'s Vikky Ribbon Ultra Magenta / Ankle-High Suede Fashion Sneaker - 7M'),
(20416, 'Puma Women\'s Classic Suede Barbados Cherry / Gold Ankle-High Fashion Sneaker - 8M'),
(20417, 'Puma Women\'s Fierce Knit White Ankle-High Fashion Sneaker - 8.5M'),
(20418, 'Puma Women\'s Eskiva Very Hi Winetasting Knee-High Fashion Sneaker - 9.5M'),
(20419, 'New Balance Men\'s Ml574 Ney Ankle-High Suede Fashion Sneaker - 10M'),
(20420, 'Tretorn Women\'s Marley Hi 4 Velvet Rubino / White High-Top Fashion Sneaker - 8M'),
(20421, 'Saucony Women\'s Breakthru 4 Aqua / Violet Ankle-High Running Shoe - 8M'),
(20422, 'Toms Women\'s Lexie Leather Black Sandal - 7M'),
(20423, 'Marc Fisher Leather Ankle Strap Pumps Hebe A256927'),
(20424, 'K-Swiss Women\'s X Lite Athletic Cmf Low Turquoise / Clear Water Ankle-High Running Shoe - 7.5M'),
(20425, 'Fila Women\'s Stellaray Navy/Fiery Coral/White Ankle-High Running Shoe - 7.5M'),
(20426, 'Blowfish Women\'s Dahl Faux Leather Black Mid-Calf Boot - 7M'),
(20427, 'New Balance Women\'s Wl555 Zz Ankle-High Fabric Cross Trainer Shoe - 10.5W'),
(20428, 'Propet TravelWalker II - Active - Women\'s - Taupe'),
(20429, 'women\'s bella vita nara ii pump'),
(20430, 'Chinese Laundry Womens All Access Open Toe Casual Ankle Strap Sandals'),
(20431, 'Bella Vita Womens Tex Grey Suede Ankle Boots Size 8.5'),
(20432, 'White Mountain Womens Yandra Faux Suede Belted Ankle Boots'),
(20433, 'Schutz Womens Cara Suede Studded Booties'),
(20434, 'Indigo Rd. Womens Finn Faux Suede Open Toe Booties'),
(20435, 'Madden Girl Women\'s Finian Ankle Boot'),
(20436, 'Dolce Vita Womens Jene Knot-Front Cylinder Heel Slide Sandals'),
(20437, 'Not Rated Womens Slingbacks Sandals Size 8.5 New'),
(20438, 'Fitflop Womens F-Sporty II Lace Up Fringe Sneaker Shoes'),
(20439, 'Franco Sarto Womens SHEONA ankle boot'),
(20440, 'Skechers Women\'s Reggae Fest-Neap-Webbing Trimmed Knit Fisherman Oxford Flat'),
(20441, 'women\'s ros hommerson whitney sandal'),
(20442, 'Women\'s Life Stride Eleanora Gladiator Sandal'),
(20443, 'Circle G Women\'s Cut-Out Short Boot Round Toe - Q0003'),
(20444, 'Easy Street Calm Open Toe Synthetic Slides Sandal'),
(20445, 'Jr. Footlight T-Strap Character Shoe'),
(20446, 'New Balance WL574MIC: Classic 574 Miami Palms Womens Lifestyle Sneakers'),
(20447, 'Not Rated Womens Cocktail Queen Riding Boots'),
(20448, 'Top Moda Womens Cp-50 Strappy Open Toe Slingback Platform High Wedge Heel Sandals'),
(20449, 'Not Rated Women\'s Spiffy Boot'),
(20450, 'Naughty Monkey Women\'s Canyon Dream Ankle Bootie'),
(20451, 'Unique Bargains Women\'s Round Toe Stacked High Heel Chelsea Booties Brown (Size 10)'),
(20452, 'Breckelle\'s BAYLEE-12 Women\'s Pointy Toe Gold Chain Stiletto Ankle Booties'),
(20453, 'DBDK Womens Sharper-1 Fold Down Fashion Boots'),
(20454, 'J. Adams Darling Low Ankle Strap Heel'),
(20455, 'Sanuk Vee K Shawn Chukka Boot - Washed Charcoal - Womens - 6'),
(20456, 'Refresh CLUB-02 Women\'s Lace Up Side Zip Platform Chunky Combat Ankle Booties'),
(20457, 'J. Adams Shirley Chunky Block Strappy High Heel Formal Wedge'),
(20458, 'New Balance 880 Running Women\'s Shoes Size'),
(20459, 'Brooks Adrenaline GTS 18 Road Running Shoes - Womens'),
(20460, 'reebok women\'s sublite authentic running shoe'),
(20461, 'lauren ralph lauren women\'s tamia-bo-cwd boot'),
(20462, 'CORRAL Women\'s Tobacco Floral Overlay Embroidered Studs and Crystals Snip Toe Cowgirl Boots A3602 (9.5 B US)'),
(20463, 'De Blossom Xara-4 Vegan Leather Casual High Strappy Gladiator Flat Sandal'),
(20464, 'Franco Sarto Women\'s FIDELA 5 Sandal'),
(20465, 'Unique Bargains Women\'s Open Toe High Block Heel Slingback Sandals'),
(20466, 'Unique Bargains Women\'s Low Chunky Heel Round Toe Buckle Strap Boots'),
(20467, 'Bamboo Women SAILI-05 Fringe Tassle Sandals'),
(20468, 'Delicious Women\'s Open Toe Strappy Platform High Heel'),
(20469, 'Delicious Women\'s Almond Toe Triple Multi Strap Stacked Heel Ankle Bootie'),
(20470, 'Soda Women TRUNK boots'),
(20471, 'Soda Women\'s Criss Cross Slingback Platform Wedge'),
(20472, 'Delicious Women\'s Ope Toe Mesh Block Chunky Clear Perspex Heel Ankle Boot Bootie'),
(20473, 'Soda Women\'s Daily Faux Nubuck Leather Side Zipper Ankle Bootie Heel'),
(20474, 'Soda Women\'s Peep Toe Lace Up Cutout Perforated Stacked Block Heel Ankle Bootie'),
(20475, 'AXNY Dylan Women\'s Lace Up Two Tone Combat Style Calf Rain Duck Boots'),
(20476, 'static footwear kimmy-36 women\'s teardrop cut out t-strap mid heel dress pumps'),
(20477, 'Women\'s Aerosoles Times Square Tassel Loafer'),
(20478, 'Women\'s Diba True Cuddle Bun Chelsea Boot'),
(20479, 'New Franco Sarto Womens 30712L1 Black Ankle Strap Sandals Size 8'),
(20480, 'Decade Suede Tan chestnut Brown Small Short Heel City Classified Women Side Zipper Ankle Boots Booties Cutout'),
(20481, 'City Classified Decade-S Women\'s Perforated Ankle Booties'),
(20482, 'Women\'s Skechers Work D\'Lites SR Pooler Alloy Toe Work Shoe'),
(20483, 'Bloch Womens Belle Leather Low Top Bungee Ballet Dance Shoes'),
(20484, 'Womens Ankle Strap Faux Suede Faux Leather Wood Stacked Booties'),
(20485, 'Womens Center Cutout Bootie'),
(20486, 'Women\'s Wide Width High Heel Round Toe Bootie'),
(20487, 'Women\'s Fergalicious Bata Over The Knee High Boot'),
(20488, 'Women\'s Trotters Delse Pump'),
(20489, 'Cape Robbin Mona 1Womens Faux Suede Thigh High Boot'),
(20490, 'Womens Easy Street Edison Low Bootie Loafers - Navy'),
(20491, 'Brinley Co. Womens Comfort Vintage Bootie'),
(20492, 'Bumper Bristol-03 New Women Mix Media Quilted Strap Riding Boot Bootie'),
(20493, 'Women\'s Drew Tuscany Sneaker'),
(20494, 'Brinley Co. Womens Comfort Faux Suede Riding Boot'),
(20495, 'Women\'s A2 by Aerosoles Drive Time Penny Loafer Slide'),
(20496, 'Blossom Rita 8Women\'s Strappy Embellished Formal Heels'),
(20497, 'Women\'s Beacon Shoes Tessa Ankle Boot'),
(20498, 'Cole Haan Womens Kathlyn Bootie Ii Peep Toe Special Occasion Ankle Strap Sand...'),
(20499, 'Women\'s Fergalicious Lincoln Peep Toe Ankle Boot'),
(20500, 'Womens Comfort Wide Calf Strap Riding Boot'),
(20501, 'Bare Traps Womens Lexia Closed Toe Classic Pumps'),
(20502, 'Soho Shoes Women\'s Laser Cut Casual Ankle Bootie Boots'),
(20503, 'Women\'s Faux Leather Gore Back Two-tone Booties'),
(20504, 'Women\'s SoftWalk Rochelle Slouch Boot'),
(20505, 'Blue Womens Yamary Mid-calf Boots'),
(20506, 'Nature Breeze Ankle high women\'s clog booties in Cognac'),
(20507, 'Women\'s Fringed Almond Toe Riding Booties'),
(20508, 'CAPE ROBBIN GD80 Women\'s Snug Fit Inside Zip Stretchy Block Heel Thigh High Boot'),
(20509, 'BETANI EI12 Women\'s Side Cut Out Pull On Stacked Block Heel Ankle Booties'),
(20510, 'Aldo Womens Cirelle Satin Pointed Toe Mid-Calf Boots'),
(20511, 'Bumper BG61 Women Mixed Media Fold Down Shearling Collar Lace Up Boot'),
(20512, 'Dirty Laundry Women\'s Aida Ankle Boot'),
(20513, 'Style Co. Womens Deenah Closed Toe Ankle Fashion Boots'),
(20514, 'Style Co. Womens Jerardy Round Toe Ankle Fashion Boots'),
(20515, 'Women\'s Fergalicious Vagabond Open Toe Bootie'),
(20516, 'Shoelala Ankle High Women\'s Pull on Booties in Black'),
(20517, 'Mango-23 Women\'s Faxu Sude Buckle Back Quilted Zipper Round Toe Knee High Low Heel Boots'),
(20518, 'Military Tactical Army Boots Desert Combat Outdoor lace up Camouflage Hiking shoes'),
(20519, 'Fergalicious Women\'s March Tan Olive High-Top Boot - 6.5M'),
(20520, 'Bar Iii Womens Gatlin Suede Closed Toe Ankle Fashion Boots'),
(20521, 'Women\'s Fergalicious Vittoria Open Toe Bootie'),
(20522, 'Cliffs By White Mountain Womens Tori Closed Toe Ankle Fashion Boots'),
(20523, 'Nature Breeze BB99 Women Leatherette Cuff Round Toe Flat Boot'),
(20524, 'Women\'s A2 by Aerosoles Storyline Open Toe Bootie'),
(20525, 'Silent D Womens Cesto Square Toe Knee High Fashion Boots'),
(20526, 'Women\'s Studded Wide Calf Boots'),
(20527, 'Perforated Women\'s Chunk Heel Booties in Brown'),
(20528, 'Ailing-2 Women Pointed Toe Mid Calf Slouchy Scrunchy Kitten Heel Booties Boots Gray'),
(20529, 'Sugar Womens Round Toe Ankle Fashion Boots'),
(20530, 'Delicious AG66-Leann-H Women Leatherette Mid Calf Open Toe Gladiator Stiletto Sandal'),
(20531, 'Inc International Concepts Womens Varinaa Leather Pointed Toe Casual Slingbac...'),
(20532, 'Women\'s Jambu JBU Gigi Wedge Sandal'),
(20533, 'Blossom Robin 110 Women\'s Rounded Toe Ankle Strap Pump'),
(20534, 'Comfort Womens Distressed Caged Bootie'),
(20535, 'Delicious Cornelia Womens Pearl Embellished Open Toe Heel'),
(20536, 'Blossom Vice 261 Women\'s T-strap Rhinestone Heels'),
(20537, 'Comfortiva Womens Riley Leather Open Toe Casual Strappy Sandals'),
(20538, 'Blossom Renzo 65Women\'s Pointed Toe Ankle Strap Heel'),
(20539, 'Women Convertible Ballerina Ballet Flats Loafers * 2-in-1 Design by Victoria K'),
(20540, 'FLORAL Nikki Women\'s Wide Width Wedge Sandal with Swirly Rhinestone Strip Vamp GOLD 6.5'),
(20541, 'Delicious Shiner Women\'s Single Banded Open Toe Heel'),
(20542, 'Ogden Women\'s Slip On Chunky High Heel Pointed Toe Pump Heels Shoes'),
(20543, 'Charles David Women\'s Anne Silver Ankle-High Leather Pump - 7.5M'),
(20544, 'Highest Heel Womens 4 Plain Pump Black Patent PU Shoes'),
(20545, 'Soho Shoes Women\'s Perforated Ankle Bootie Boots'),
(20546, 'Women\'s Aerosoles 1st Single Sneaker'),
(20547, 'Women\'s Answer 2 447'),
(20548, 'Delicious Mally S Womens Studded Open Toe Chunky Heels'),
(20549, 'Giani Bernini Womens Angye Open Toe Ankle Fashion Boots'),
(20550, 'Beacon Scarlet Women\'s Pump'),
(20551, 'Women\'s Drew Embark Sandal'),
(20552, 'Breckelles AD94 Women Leatherette Designer Cut Out Round Toe Ankle Bootie'),
(20553, 'Qupid Beat 100 Women\'s Shoes Strappy Gem Embellished Open Toe Heel Blush'),
(20554, 'Women\'s Faux Suede D\'orsay Pointed Toe Chain Detail Heels'),
(20555, 'Blossom Robin 214Women\'s Peep Toe Crystal Strappy Heels'),
(20556, 'Nature Breeze FI38 Women\'s Lucite Chunky Heel Ankle Strap Dress Sandals'),
(20557, 'UGG Macayla Women\'s Strappy Block Heel Sandal 1090434'),
(20558, 'City Classified AI64 Women Leatherette Open Toe Strappy Ankle Strap Flat Sandal'),
(20559, 'ZIGI SOHO Womens Melaa Open Toe Special Occasion Strappy Sandals'),
(20560, 'Earth Origins PORTIA Womens Suede Knee High Side Zip Boots'),
(20561, 'Easy Spirit Womens Motion Leather Almond Toe Oxfords'),
(20562, 'Women\'s SoftWalk Bolinas Thong Sandal'),
(20563, 'Ziginy Womens Melaa Split Toe Casual Strappy Sandals'),
(20564, 'Brinley Co. Womens Comfort Extra Wide Calf Side Strap Riding Boot'),
(20565, 'Sorel Women\'s Tivoli III Snow Boots 1749361'),
(20566, 'Skechers Womens Sport Skech Air 2.0 Next Chapter Low Top Pull On Fashion Snea...'),
(20567, 'Skechers Women\'s Breathe Easy - Good Luck Casual Shoe'),
(20568, 'Soho Shoes Pom Pom Suede Sneakers'),
(20569, 'Women Leatherette Quilted Strap Cigar Heel Ankle Bootie BD83'),
(20570, 'Classic Pull-on Booties'),
(20571, 'Giani Bernini Womens Orlaa Closed Toe Ankle Fashion Boots'),
(20572, 'Women\'s A2 by Aerosoles At Long Last Flat'),
(20573, 'Sam Edelman Womens Farrell Closed Toe Loafers'),
(20574, 'Women\'s Beacon Shoes Phoenix'),
(20575, 'coach womens farrell closed toe loafers'),
(20576, 'Canvas Lace Up Flat Slip On Boat Comfy Round Toe Sneaker Tennis Shoe Denim Blue Size 5.5'),
(20577, 'Brinley Co. Women\'s Faux Leather Stacked Heel Side Zip Booties'),
(20578, 'Women\'s Over-the-knee High Heel Faux Suede Wide Calf Boots'),
(20579, 'Women\'s Charles by Charles David Ollie Over-the-Knee Boot'),
(20580, 'women\'s carlos by carlos santana melody knee high boot'),
(20581, 'Women\'s Faux Leather Wide Calf Over-the-knee Lace-up Brogue Boots'),
(20582, 'Womens Wide Calf Faux Leather Faux Lace-up Over-the-knee Boots'),
(20583, 'Qupid Milia 63 Womens Lace Up Lycra Boot'),
(20584, 'Reebok Womens Royal Ultra Low Top Lace Up Running Sneaker'),
(20585, 'Women\'s Mizuno Wave Horizon 2 Running Shoe'),
(20586, 'Skechers Life Saver Running Women\'s Shoes Size'),
(20587, 'Womens Comfort Two-tone Riding Boot'),
(20588, 'Seven Dials Womens Sarita Open Toe Casual Gladiator Sandals'),
(20589, 'Seven Dials Womens SYNC'),
(20590, 'City Classified Stylish-S Women\'s Zipper Ankle Booties'),
(20591, 'Qupid BA39 Women New Metallic Multiple Color Lace Up Platform Stelitto Heel Ankle Bootie'),
(20592, 'Women\'s A2 by Aerosoles Plushed Nickel Wedge Sandal'),
(20593, 'Adult Combat Boot'),
(20594, 'Anthony Wang Mid Calf Women\'s Combat Boots in White'),
(20595, 'Fit Flop Superskate Slip-Ons Women\'s'),
(20596, 'Women\'s Arnello Flat'),
(20597, 'OwnShoe Womens Breathable Fashion Athletic Shoes Color Sneaker'),
(20598, 'Womens Caviar Open Toe Casual Strappy Sandals'),
(20599, 'Women\'s Jambu JSport Mia Sandal'),
(20600, 'Franco Sarto Womens L-Rye Leather Open Toe Casual Slide Sandals'),
(20601, 'Women\'s Rialto Cleo Wedge T Strap'),
(20602, 'Qupid Katz 43X Women\'s Open Toe Block Heel Sandal'),
(20603, 'Qupid Women\'s Alisha-01 Heeled Sandal'),
(20604, 'Franco Sarto Womens Samanta2 Round Toe Casual Slide Sandals'),
(20605, 'Women\'s David Tate Lilly Walking Sandal'),
(20606, 'Inc International Concepts Womens Helenn Leather Open Toe Casual Ankle Strap ...'),
(20607, 'Chinese Laundry Womens Pretty Satin Satin Open Toe Casual Slide Sandals'),
(20608, 'Chinese Laundry Womens Rosie Suede Open Toe Casual Ankle Strap Sandals'),
(20609, 'women\'s aerosoles top form slingback'),
(20610, 'Puma Platform Crushed Gem Women Round Toe Sneakers Shoes'),
(20611, 'Victoria K Women\'s Weave Texture Ballet Flats With Satin Bow'),
(20612, 'Qupid Womens Athena Open Toe Casual Gladiator Sandals'),
(20613, 'Women\'s Ryka Luxury Mule'),
(20614, 'Women\'s Round Toe Faux Leather Strappy Buckles High Heel Ankle Booties'),
(20615, 'Women\'s Wolverine Floorhand Waterproof 6 Steel Toe Work Boot'),
(20616, 'Indigo Rd. Womens Sandie Open Toe Casual Slingback Sandals'),
(20617, 'Hi Tec Women\'s Altitude VI I Waterproof Hiking Boot'),
(20618, '12891 Black Skechers Shoes Memory Foam Women\'s Sport Comfort Walk Casual Sneaker 12891BKW'),
(20619, 'Madden Girl Womens Barbiee Pointed Toe Ankle Fashion Boots'),
(20620, 'Women\'s Softee Laser Cut Flat'),
(20621, 'Aerosoles Women\'s Traveler Memory Foam Zip Flats'),
(20622, 'Women\'s Forever Young Faux Suede Gold Studs With Fringes Espadrille'),
(20623, 'Women\'s Seven Dials Benina Oxford Sneaker'),
(20624, 'Women\'s SoftWalk Acton'),
(20625, 'Dolce Vita Woman\'s Jasmyn Lace Up Suede Gladiator Sandal'),
(20626, 'Nature Breeze AF49 Women Suede Lace Up Round Toe Wedge Bootie'),
(20627, 'Palladium Pallaphoenix OG CVS Sneaker'),
(20628, 'Soda Mug Women\'s Faux Suede Casual Ankle Zip Booties'),
(20629, 'Women\'s Lace Up Platform Comfortable Flat Casual Fashion Sneakers (FREE SHIPPING)'),
(20630, 'Soda Caster Women\'s Open Toe Perforated Stacked Bootie'),
(20631, 'Nature Breeze AI40 Women Leatherette Open Toe Strappy Buckles Gladiator Flat Sandal'),
(20632, 'Nature Breeze BB86 Women Brushed Leatherette Jeweled Thong Sandal'),
(20633, 'Women\'s Dara Elastic Sandals'),
(20634, 'Women\'s Valee Bootie'),
(20635, 'Women\'s Carlos by Carlos Santana Mandarin Bootie'),
(20636, 'Alfani Womens Novaa Fabric Almond Toe Over Knee Fashion Boots'),
(20637, 'Diba True Leg Up Boot'),
(20638, 'Diba Women\'s West Haven Slouch Boot'),
(20639, 'City Classified Catch-S Women\'s Buckle Strap Ankle Booties'),
(20640, 'City Classified Elect S Women\'s Peep Toe Cut Out Ankle Bootie'),
(20641, 'City Classified Coin Women\'s Shoes Faux Suede Slip On Bootie Taupe'),
(20642, 'City Classified Base Women\'s Faux Suede Lace Up Bootie'),
(20643, 'Women\'s Aerosoles Song Bird Open Toe Bootie'),
(20644, 'Nature Breeze Women\'s Pull On Booties'),
(20645, 'Womens Faux Suede Mid-calf Stacked Wood Heel Boots'),
(20646, 'White Mountain Shoes Taite Women\'s Boot'),
(20647, 'Wild Rose BK55 Women Patent Leatherette Chains Open Toe Ankle Strap Stiletto Heel Sandal'),
(20648, 'Women\'s Fergalicious Tara Open Toe Bootie'),
(20649, 'women\'s fergalicious rookie slouch boot wide calf'),
(20650, 'women\'s fergie footwear elise harness boot'),
(20651, 'women\'s carlos by carlos santana talana peep toe bootie'),
(20652, 'women\'s trotters major bootie'),
(20653, 'Women\'s White Mountain Theo Winter Bootie'),
(20654, 'Women\'s White Mountain Nyssa Bootie'),
(20655, 'Women\'s A2 by Aerosoles Persimmon Boot'),
(20656, 'Breckelles AF29 Women Leatherette Plating Buckle Military Lace Up Bootie'),
(20657, 'Breckelle AF57 Women Leatherette Military Lace Up Knee High Boot'),
(20658, 'Cape Robbin Suzzy 43 Womens Studded Hoop Embellished Heel'),
(20659, 'women\'s a2 by aerosoles expert pump'),
(20660, 'Women\'s Crevo Britain Bootie'),
(20661, 'Womens Comfort Side Strap Riding Boot'),
(20662, 'Blue Women\'s Loko Low Heel Ankle High Lace Up Side Zip Fashion Boots'),
(20663, 'Womens Stud Faux Suede Side Slit Booties'),
(20664, 'Women\'s Diba True New Kicks Open Toe Bootie'),
(20665, 'Women\'s Diba True What To Do Riding Boot'),
(20666, 'Womens Faux Leather Laser-cut Lace-up Boots'),
(20667, 'Women\'s White Mountain Callaway Bootie'),
(20668, 'women\'s white mountain loyal'),
(20669, 'Brinley Co. Women\'s Lined Lace-up Snow Boot'),
(20670, 'Women\'s Ruched Stacked Heel Faux Suede Over-the-knee Boots'),
(20671, 'Alrisco Nature Breeze New Women Vickie-HI New Women Suede Slouchy Thigh High Boot'),
(20672, 'Women\'s A2 by Aerosoles Make Way Flat'),
(20673, 'Brinley Co. Womens Comfort Wide Calf Faux Suede Riding Boot'),
(20674, 'Brinley Co. Women\'s Faux Suede Stacked Heel Two-tone Booties'),
(20675, 'Qupid Crush 13 Womens Shoes Faux Suede Zipper Embellished Chunky Heel Camel'),
(20676, 'Qupid Milia 01 Women\'s Crushed Velvet Pointed Toe Pumps'),
(20677, 'Comfeite Perforated Women\'s Comfort Sandals in Black'),
(20678, 'Madden Girl Womens Writtem Lace Closed Toe Oxfords'),
(20679, 'Soda Jacob Faux Suede Stack Block Chunky Heel Ankle Bootie Boot Shoe Olive'),
(20680, 'Easy Street Womens Whisper Almond Toe Ankle Fashion Boots'),
(20681, 'Yellow Box Women\'s P-Beaming Sandal'),
(20682, 'Brinley Co. Womens Fringe Tassle Faux Suede High Heels'),
(20683, 'Women\'s Aerosoles Idealist Bootie'),
(20684, 'Leatherette Women Embroidered Pointy Toe Cowboy Boot BE52'),
(20685, 'Soda AG05-Sake-S Women Leatherette Buckles Straps High Calf Riding Boot'),
(20686, 'Soda Lurk Women\'s Shoes Faux Suede Lace Up Bootie Cognac'),
(20687, 'Soda Mermaid-S Womens Open Toe Criss Cross Sandals'),
(20688, 'Softwalk Women\'s Jordan Wedge Sandal'),
(20689, 'Soda Sansa-S Womens Open Toe Slip On Sandals'),
(20690, 'Women\'s Classic Mid-Heeled Pump Dress Shoe'),
(20691, 'Time and Tru Women\'s Mid Boot'),
(20692, 'Sas Womens Sorrento Leather Open Toe Casual Slingback Sandals'),
(20693, 'Soda FD58 Women\'s Slouchy Pull On Low Block Heel Ankle Booties'),
(20694, 'Bidoof Women\'s Buckle Zipper Low Heel Mid Calf Round Toe Combat Boots Shoes'),
(20695, 'Delicious Hyphen-S Women\'s Platform Single Band Open Toe Heels'),
(20696, 'Nature Breeze Lug-12N New Women Zipper Round Toe Military Combat Lace Up Boot'),
(20697, 'Nature Breeze Vivienne-01 Leatherette Quilted Knee High Riding Boot AE86'),
(20698, 'Nature Breeze BG10 Women Leatherette Quilted Lace Up Combat Boot'),
(20699, 'Nature Breeze Slip on Women\'s Faux Velvet Mules'),
(20700, 'Faded Glory Sport Ballet Shoe'),
(20701, 'Women\'s Spring Step Manila'),
(20702, 'Women\'s Round Toe High Heel Matte Booties'),
(20703, 'women\'s touch ups buffy wedge sandal'),
(20704, 'Kiki Embossed Leather Platform Sandals'),
(20705, 'Naturalizer Womens Zarie Almond Toe Ankle Fashion Boots'),
(20706, 'women\'s aerosoles waterfront wedge sandal'),
(20707, 'Women\'s Dyeables Ariana'),
(20708, 'Dyeables Caitlyn - Color - Silver / Size - 8.5 M'),
(20709, 'Women\'s Dyeables Fiesta Land Snake Brown 11 3E'),
(20710, 'Women\'s Sarah T-Strap Sandal'),
(20711, 'Women\'s Mid-calf Riding Boots'),
(20712, 'Brinley Co. Womens Studded Knee-High Riding Boot'),
(20713, 'Women\'s Wide Calf Ankle-Strap Knee-High Riding Boot'),
(20714, 'Womens Stretch Knee-High Riding Boot'),
(20715, 'Brinley Co. Womens Wide Calf Studded Knee-High Riding Boot'),
(20716, 'women\'s carlos by carlos santana cole bootie'),
(20717, 'BDW-14W Western Cowboy Cowgirl Mid Calf Pointed Toe Stitched Boots Red'),
(20718, 'BDW-14W Western Cowboy Cowgirl Mid Calf Pointed Toe Stitched Boots Brown'),
(20719, 'Michael Michael Kors Womens Clarissa Peep Toe Special Occasion Strappy Sandals'),
(20720, 'Qupid Womens Beat-92 Open Toe Special Occasion Platform Sandals'),
(20721, 'BDW-14W Western Cowboy Cowgirl Mid Calf Pointed Toe Stitched Boots Tan'),
(20722, 'Suntan Women\'s Peep Toe Strappy Zipper Wedge Heel Sandal Shoes'),
(20723, 'Women\'s Beacon Shoes Newport'),
(20724, 'Wild-02 Women Pointed Toe Western Cowboy Cowgirl Mid Calf Boots Black'),
(20725, 'BDW-14W Western Cowboy Cowgirl Mid Calf Pointed Toe Stitched Boots Black'),
(20726, 'Women\'s Old West 11 Inch Roper Toe Cowboy Boot'),
(20727, 'women\'s fergalicious voila cowboy boot'),
(20728, 'Women\'s Drew Motion'),
(20729, 'Women\'s Trotters Janna'),
(20730, 'Inc International Concepts Womens Lilbeth Open Toe Casual Platform Sandals'),
(20731, 'Womens Reese Leather Open Toe Casual Flat Sandals'),
(20732, 'Noble Outfitters Western Boots Womens All Around Floral Embossed 66025'),
(20733, 'Women\'s SoftWalk Hart Quarter Strap Wedge Sandal'),
(20734, 'Sbicca Womens Kathrin Knotted Fringe Ankle Casual Boots');
INSERT INTO `models` (`id`, `name`) VALUES
(20735, 'Sporto Womens Makela Closed Toe Mid-Calf Cold Weather Boots'),
(20736, 'Naughty Monkey Womens Blind Date Suede Metallic Booties'),
(20737, 'Sam Edelman Womens Leya Faux Fur Fashion Sneakers'),
(20738, 'L4L by Lust for Life Womens Andie Velvet Block Heel Over-The-Knee Boots'),
(20739, 'MICHAEL Michael Kors Womens Heather Boot Leather Block Heel Knee-High Boots'),
(20740, 'Yellow Box Womens Rubie Leather Slip-On Wedge Sandals'),
(20741, 'Haya Fringe Sandals'),
(20742, 'Sam Edelman Womens Lola Suede Ankle Strap Pumps'),
(20743, 'Bella Vita Women\'s Liset II Platform Pump'),
(20744, 'Women\'s Ignite VIII Sandals'),
(20745, 'Easy Street Womens Juno Faux Leather Ankle Boots'),
(20746, 'Bogs Outdoor Boots Womens Amanda Slip On Ankle Waterproof 72053'),
(20747, 'Women\'s Sequoia Sandal'),
(20748, 'Women\'s Carlos by Carlos Santana Pacey Mule Sneaker'),
(20749, 'women\'s heal usa echo'),
(20750, 'women\'s white mountain yonder bootie'),
(20751, 'Izod - Mens Sandal Brown / 7 D(M) US'),
(20752, 'JBU by Jambu Women\'s EVANS Weather Ready Motorcycle Boot'),
(20753, 'Daya by Zendaya Women\'s Kaylor Ankle Bootie'),
(20754, 'Wild Diva Women Jetta-25F Lace Up Combat Military Boots With Foldable Cuff'),
(20755, 'Silver Dew Womens Cozy-04 Fashion Boots'),
(20756, 'City Classified Women\'s Curvy Round Closed Toe Ankle Strap Flat Sandal'),
(20757, 'lauren ralph lauren women\'s sarina pump'),
(20758, 'Asics Gel-Cumulus 19 Running-Shoes - Womens'),
(20759, 'Merlin Boot - Womens'),
(20760, 'Forever Link Womens Justina-58 Sweater Cuff Combat Boots'),
(20761, 'Unique Bargains Women\'s Stiletto Heel Velvet Lace Up Sandals'),
(20762, 'Unique Bargains Women\'s Chunky High Heel T-Strap Dress Sandals'),
(20763, 'PUMPED BY CUTE TO THE CORE Rhinestone Lace Up High Top Sneaker'),
(20764, 'Soda Shoes Women\'s Obji Rnd Toe Casual Flat With Padded Insole'),
(20765, 'Qupid Women\'s Palmer-122 Sandal Flats'),
(20766, 'Keds Women\'s CH SWEATSHIRT JERSEY Fashion Sneaker'),
(20767, 'Soda Women\'s Kurt Faux Leather Cut out Side Buckle Strap Ankle Boot'),
(20768, 'Refresh Hunter-03 Women\'s Lace Up Waterproof Duck Mid Calf Rain Winter Boots'),
(20769, 'Michael By Michael Shannon Kelsey High Heel Ankle Bootie Shoes'),
(20770, 'Mizuno Women\'s Wave Catalyst 2 Running Shoe'),
(20771, 'women\'s lugz empire hi vt work boot'),
(20772, 'Steve Madden Women\'s Gonzo Mauve Ankle-High Pump - 5.5M'),
(20773, 'New Balance Women\'s Ww411 Wt2 Fashion Sneaker - 9M'),
(20774, 'Steve Madden Women\'s Hasty Black Ankle-High Pump - 8.5M'),
(20775, 'Sorel Women\'s Out N About Black Ankle-High Leather Rain Boot - 8M'),
(20776, 'Puma Women\'s Eskiva Very Hi Steel Gray Knee-High Fashion Sneaker - 10M'),
(20777, 'Saucony Women\'s Zealot Iso 3 Grey / Black Coral Ankle-High Running Shoe - 9M'),
(20778, 'Brian Atwood Women\'s B-Hanna Suede Black Pump - 9M'),
(20779, 'Sanuk Women\'s Yoga Joy Black Sandal - 7M'),
(20780, 'Steve Madden Women\'s Scarlitt Metallic Sandal - 9M'),
(20781, 'New Balance Womens Wrl24ta Revlite 24 Low Top Lace Up Running Sneaker'),
(20782, 'New Balance Women\'s W1400 Py3 Ankle-High Running Shoe - 5M'),
(20783, 'Mizuno Women\'s Wave Enigma 6 Blue / Purple Green Fashion Sneaker - 10M'),
(20784, 'Kaanas Women\'s Cocuy Black Slip-On Shoes - 7M'),
(20785, 'Mizuno Women\'s Wave Enigma 6 Dark Grey / Silver Light Blue Fashion Sneaker - 7M'),
(20786, 'Asics Women\'s Gel-Superion Insignia Blue / Pink Glow Ice Green Ankle-High Running Shoe - 7M'),
(20787, 'Sanuk Women\'s Yoga Bliss Brown Sandal - 8M'),
(20788, 'Chinese Laundry Monique Wedge Sandals'),
(20789, 'Onitsuka Tiger Women\'s Mexico 66 White/White Ankle-High Fabric Flat Shoe - 6M'),
(20790, 'INC International Concepts Kivah Block-Heel Dress Sandals'),
(20791, 'New Balance Women\'s W630 Cg5 Ankle-High Fabric Running Shoe - 7.5M'),
(20792, 'Nevados Women\'s Klondike Low-Cut Hiking Boots'),
(20793, 'New Balance Women\'s W2090 Fg Ankle-High Running Shoe - 11M'),
(20794, 'Penny Loves Kenny Women\'s Opus Dgn Satin Black High-Top Silk Pump - 7.5M'),
(20795, 'Charles By David Women\'s Trudy Night Ankle-High Leather Boot - 8M'),
(20796, 'Lifestride Women\'s Tanglo Faux Leather Mushroom Ankle-High Pump - 7M'),
(20797, 'Steve Madden Women\'s Shine Black Multi Leather Pump - 8.5M'),
(20798, 'Sorel Women\'s Caribou Black / Stone Mid-Calf Leather Snow Boot - 8.5M'),
(20799, 'Reebok Women\'s Supreme Run Mt Black / Silver Metallic White Ankle-High Running Shoe - 7.5M'),
(20800, 'Asics Women\'s Gel-Kenun Mx White / Apricot Ice Ankle-High Fabric Running Shoe - 10M'),
(20801, 'Asics Women\'s Gel-Quantum 180 2 Diva Pink / Silver Coral Ankle-High Running Shoe - 12M'),
(20802, 'Reebok Women\'s Flexweave Run Black / Coal Flint Grey White Ankle-High Running Shoe - 7.5M'),
(20803, 'Tretorn Women\'s Camden 3 Suede Lite Grey / White Ankle-High Fashion Sneaker - 4.5M'),
(20804, 'Toms Women\'s Lexie Specchio And Hemp Rose Gold Sandal - 8.5M'),
(20805, 'Thalia Sodi Womens Kiarah Open Toe Casual Strappy Sandals'),
(20806, 'Skechers Women\'s Flex Appeal 2.0 - Hourglass White / Black Ankle-High Slip-On Shoes 7.5M'),
(20807, 'Skechers Women\'s Go Run 600-Reset Black / Turquoise Ankle-High Running Shoe - 9.5M'),
(20808, 'Steve Madden Women\'s Divine Suede Camel Ankle-High Pump - 7.5M'),
(20809, 'Blowfish Women\'s Adah Faux Leather Black Mid-Top Boot - 7.5M'),
(20810, 'New Balance Women\'s W998 Rbe Ankle-High Leather Running Shoe - 6.5M'),
(20811, 'durango rd3576 10 lady rebel twilight n\' lace purple ink saddle western boots'),
(20812, 'Women\'s David Tate Alice Flat'),
(20813, 'Women\'s Franco Sarto Pisces Ankle Boot'),
(20814, 'Women\'s Rammee Caged Booties'),
(20815, 'Aerosoles Womens Effortless Closed Toe Ankle Fashion Boots Fashion Boots'),
(20816, 'Giani Bernini Women\'s Coraa Canvas Flats'),
(20817, 'Bar III Dolly Women Round Toe Boots'),
(20818, 'Women\'s Ros Hommerson Mellow Sandal'),
(20819, 'Stuart Weitzman Womens Leather Flats Loafers'),
(20820, 'Cliffs by White Mountain Womens Felisa Padded Insole Fashion Knee-High Boots'),
(20821, 'Steve Madden Womens Abby Ankle Booties'),
(20822, 'Grasshoppers Womens Cara Slip On Embroidered Memory Foam Fashion Sneakers'),
(20823, 'Womens Quineta Textured Ankle Boots'),
(20824, 'Guess Womens Calene Satin Open Toe Over-The-Knee Boots'),
(20825, 'guess womens calene satin peep toe over knee fashion boots'),
(20826, 'Baretraps Womens Jeaney Faux Leather Slip On Wedge Sandals'),
(20827, 'Naturalizer Womens Westly Leather Sandals Flat Sandals'),
(20828, 'Madden Girl Womens Rolloo Platforms'),
(20829, 'A2 by Aerosoles Womens Invitation Heeled Ankle Boots'),
(20830, 'Stuart Weitzman Nudist June Women\'s Sandals Flip Flops'),
(20831, 'Rialto Shoes \'Caroline\' Women\'s Heel'),
(20832, 'women\'s franco sarto hespiria over-the-knee boot'),
(20833, 'Bella Vita Women\'s Ronan Boot'),
(20834, 'White Mountain Raymond Women Round Toe Boots'),
(20835, 'Women\'s Carlos by Carlos Santana Amara Strappy Sandal'),
(20836, 'Reebok Womens PRINCESS WIDE D'),
(20837, 'New Balance WRL420RB: 420 Classic Covert Green Womens Lifestyle Sneakers'),
(20838, 'Not Rated Women\'s Auriga Ankle Fringe Bootie'),
(20839, 'Forever Link Womens Tamika-42 Boots'),
(20840, 'J. Adams Bailey Low Heel Fringe Ankle Boot'),
(20841, 'Refresh MARA-05 Womens Ankle Strap Comfort Criss Cross Platform Wedge Sandals'),
(20842, 'Top Moda POLISH-6 Womens Lace-up Hidden Platform Ankle Boots'),
(20843, 'Static Footwear Harry-1 Women\'s Slip On Block Heel Loafers'),
(20844, 'Jambu Women\'s HAWTHORN Engineer Boot'),
(20845, 'REFRESH WYNNE-01 Women\'s Combat Style Lace Up Ankle Bootie'),
(20846, 'Qupid Womens TRENCH-01 Fashion High Heel Pumps Shoes'),
(20847, 'Qupid Potion-68 Back Bow Mary Jane Pointy Toe Pump'),
(20848, 'Unique Bargains Women\'s Open Toe Block Heel Cutout Lace Up Sandals'),
(20849, 'Steve Madden Womens Day Slingback Pump Shoes'),
(20850, 'De Blossom Collection Womens Nemo-78 Wedge Dress Party Sandals'),
(20851, 'De Blossom Collection Womens Rita-6 Strappy Dress Heel Sandals'),
(20852, 'Soda Womens Metro Fashion Sandals'),
(20853, 'Soda Women\'s Agree Cowboy Fringe Faux Suede Closed Toe Stacked Heel Ankle Boot'),
(20854, 'Adriana Leonara-39 Women\'s Side Zipper Low Heel Fringe Ankle Booties'),
(20855, 'Softwalk Napa Ballet Slip On Flat Shoe - Womens'),
(20856, 'Soda Women FADDY-S flats-shoes'),
(20857, 'Soda Soong Womens Soft Fur Eskimo Boots'),
(20858, 'Baretraps Women\'s Anias Slide Sandal'),
(20859, 'Breckelles Heather-32 New Women PU Criss Cross Strap Chunky Heel Ankle Bootie'),
(20860, 'Women\'s Aerosoles Silver Plush Gladiator Sandal'),
(20861, 'FLORAL Teagan Women\'s Wide Width Block Heel Rhinestone Bow Slingback Pump BLACK 8.5'),
(20862, 'women\'s k-swiss st329 cmf'),
(20863, 'Steve Madden Womens Goldie Booties'),
(20864, 'Women\'s Canal Sneaker'),
(20865, 'Womens Aylee Closed Toe Ankle Cold Weather Boots'),
(20866, 'UGG CAYLIWomen\'s Leather Suede Duck Rain Boots 1095160'),
(20867, 'Women\'s Jill Peep Toe Bootie'),
(20868, 'women\'s a2 by aerosoles strole along ankle boot'),
(20869, 'Women\'s Steve Madden Antics Sneaker'),
(20870, '284H 17 Woman Open Toe Chunky High Heel Ankle Strap Sandals Camel/US 5.5'),
(20871, 'Material Girl Womens Westley Open Toe Casual Gladiator Sandals'),
(20872, 'PUMA Women\'s Blur Running Shoes'),
(20873, 'Mark and Maddux Two-piece Women\'s Chunky Heel Pump in Camel'),
(20874, 'Women\'s Genuine Grip Footwear Slip-Resistant Slip-on Casual'),
(20875, 'women\'s carlos by carlos santana alexia knee high boot'),
(20876, 'Brinley Co. Womens Comfort Strap Riding Boot'),
(20877, 'Bees By Beacon Womens Laurie Low Top Lace Up Fashion Sneakers'),
(20878, 'Victoria K Women\'s Squared Textured with Gold Studs Ballerina Flats'),
(20879, 'Dasia-H1 Women\'s Fashion Almond Toe Over The Knee Stretchy Snug Drawstring High Heel Boots'),
(20880, 'Women\'s Winkle Back Shaft Side Quilted Zipper Knee High Flat Riding boots shoes (Mngo-21-Tan- 8.5)'),
(20881, 'Women\'s Fergalicious Wanderer Bootie'),
(20882, 'Women\'s Fergalicious Recruit Open Toe Bootie'),
(20883, 'Megen-02 Womens Over Knee Military Combat Flat Riding Equestrian Boots Black'),
(20884, 'Selina-23 Women\'s Causal Zipper Slouch Flat Heel Mid Calf Round Toe Boots Shoes'),
(20885, 'Chinese Laundry Womens Lorie Almond Toe Over Knee Fashion Boots'),
(20886, 'Women\'s A2 by Aerosoles Pay Raise Ballet Flat'),
(20887, 'BLUE WOMENS LOW HEEL MID CALF LACE UP SIDE ZIP FASHION BOOTS -CONNIE-67 Size -006-BLACK'),
(20888, 'Women\'s Fergie Footwear Catalina Open Toe Heel'),
(20889, 'Franco Sarto Womens Knoll Suede Closed Toe Knee High Fashion Boots'),
(20890, 'Style Co. Womens Finnly Almond Toe Knee High Fashion Boots'),
(20891, 'Sam Edelman Women\'s Millard Ankle Boot'),
(20892, 'NATURE BREEZE FF00 Women Over The Knee Mid High Block Heel Boots Full Size Small'),
(20893, 'Lugz Women\'s Brace Hi 6-Inch Boot'),
(20894, 'Women\'s Rialto Clayton Slouch Boot'),
(20895, 'Breckelle AE45 Women Leatherette Round Toe Riding Knee High Boot'),
(20896, 'Bumper AG24-Smith-01 Women Leatherette Strappy Almond Toe Sandal Heel'),
(20897, 'Beacon Womens Eastport Fabric Closed Toe Casual Espadrille Sandals'),
(20898, 'Dan Post Women\'s PENNY Bronze Fashion Boots 9 M'),
(20899, 'Delicious Pacific Womens Pearl Embellished Clear Block Heel'),
(20900, 'Delicious OsarWomens Open Toe Ankle Strap Chunky Heel'),
(20901, 'Easy Street Women\'s Sync Loafer Flat'),
(20902, 'Easy Street Womens Floaty Open Toe Casual Strappy Sandals'),
(20903, 'Bamboo Rampage 56M Women\'s Open Toe Lace Up Chunky Heels'),
(20904, 'Women\'s Aerosoles Tavern Shootie'),
(20905, 'Women Leatherette Round Toe Padded Collar Motorcycle Ankle Bootie BD56'),
(20906, 'Brinley Co. Womens Comfort Extra Wide Calf Side Zipper Riding Boot'),
(20907, 'Aerosoles Women\'s Plush Ahead Wedge Sandal'),
(20908, 'Lifestride Womens Flair Closed Toe Wedge Pumps'),
(20909, 'Brinley Co. Women\'s Wide Calf Knee-high Heeled Boot'),
(20910, 'women\'s trotters lizzie oxford'),
(20911, 'Women\'s White Mountain Katrina Tall Boot'),
(20912, 'Women\'s Jenn Laser Slip-On'),
(20913, 'Kate Spade New York Womens Maeve Closed Toe Casual Pumps'),
(20914, 'Marc Joseph New York Womens manhasset Closed Toe Loafers'),
(20915, 'Women\'s Spazo Sneaker'),
(20916, 'Womens Edlyn Closed Toe Loafers'),
(20917, 'X2B FG04 Women\'s Slip On Block Heel Loafers'),
(20918, 'Latigo Womens Irv Leather Closed Toe Loafers'),
(20919, 'Ros Hommerson Womens Carol Closed Toe Loafers'),
(20920, 'Nature Breeze AC09 Women Leatherette Slouchy Thigh High Boot'),
(20921, 'Blossom Gigi 1X Women\'s Round Toe Rhinestone Bow Flats'),
(20922, 'Delicious Ibiza S Womens Open Toe Caged Chunky Heel'),
(20923, 'Enimay Women\'s Original Style Slip-On Casual Canvas Boat Shoe Loafer Flats Solid Royal Blue Size 7.5'),
(20924, 'Softspots Womens Posie Leather Closed Toe Loafers'),
(20925, 'Qupid Tuxedo 114 Women\'s Slip On Perforated Mule Loafers'),
(20926, 'Women\'s Over-the-knee High Heel Faux Suede Boots'),
(20927, 'Franco Sarto Womens Katie Faux Leather Over-The-Knee Dress Boots'),
(20928, 'Tretorn Women\'s Nylite6Bold Orange10622 Ankle-High Fashion Sneaker - 6M'),
(20929, 'Under Armour Womens Ua W Railfit 1 Low Top Lace Up Running Sneaker'),
(20930, 'Womens Comfort Wide Calf Side Zipper Riding Boot'),
(20931, 'Under Armour Womens Charged Allaround Fabric Low Top Lace Up Running Sneaker'),
(20932, 'Reebok Womens Classic Harman Low Top Lace Up Running Sneaker'),
(20933, 'QUPID EI10 Women\'s Back Zipper Cut Out Peep Toe Ankle Booties'),
(20934, 'G By Guess Womens Hopey Open Toe Casual Gladiator Sandals'),
(20935, 'Women\'s Diba True Short Order Ankle Boot'),
(20936, 'Bamboo Living 21S Women\'s Shoes Floral Embroidered Boot Blue Denim'),
(20937, 'Women\'s Fergalicious Nadira Ankle Bootie'),
(20938, 'Giani Bernini Womens Calae Closed Toe Ankle Fashion Boots'),
(20939, 'Mango-27 Women\'s Lace Up Buckle Strap Chunky Low Heel Combat Knee High Boots'),
(20940, 'Women\'s Melinda Slip-On'),
(20941, 'Women\'s Trotters Lizzie Perf Oxford'),
(20942, 'Qupid Women\'s Strike 01X Perforated Pointy Toe Lace Up Flats'),
(20943, 'Women\'s mobils by Mephisto Fedra Lace-Up'),
(20944, 'Chaco Women\'s Harper Slide Hiking Shoe'),
(20945, 'Thalia Sodi Womens Areyana Open Toe Casual Platform Sandals'),
(20946, 'Women\'s Rialto Alix Slide'),
(20947, 'Women\'s Open Toe Lace Up Color Block Heel Sandals Rose Pink (Size 7.5)'),
(20948, 'White Mountain Womens Gemmy Leather Open Toe Casual Strappy Sandals'),
(20949, 'David Tate Women\'s SUPREME Navy Heels - Pumps 11.5 N'),
(20950, 'Madden Girl Womens Bows Bow Faux Suede Dress Sandals'),
(20951, 'Bamboo Dino 99SWomen\'s Open Toe Strappy Gladiatior Sandal'),
(20952, 'Women\'s Aerosoles Scrapbook Gladiator Sandal'),
(20953, 'Unique Bargains Women\'s T-Strap Open Toe Mid Block Heel Sandals'),
(20954, 'Women\'s David Tate June Slingback Sandal'),
(20955, 'Easy Street Glitz W Open-Toe Synthetic Heels'),
(20956, 'Report Womens Ginelle Open Toe Casual Slide Sandals'),
(20957, 'Qupid Postal 02A Womens Shoes Lace Up Metallic Boot Rose Gold'),
(20958, 'Women\'s Faux Suede Cut-out Pinhole Round Toe Boots'),
(20959, 'Victoria K Women\'s Croc Textured With Onyx Bow Ballet Flats'),
(20960, 'Women\'s SoftWalk Napa Embossed Ballet Flat'),
(20961, 'Women\'s Apex V752 Sierra Trail Runner'),
(20962, 'Women\'s Aerosoles Iced Cake Cork Wedge Sandal'),
(20963, 'Nature Breeze BK21 Women Leatherette Cut Out Lace Up Pointy Toe Bootie'),
(20964, 'Brinley Co. Women\'s Zipper Faux Leather Ankle Boots'),
(20965, 'Soda Ramona Women\'s Pearl Accent Slip On Loafer'),
(20966, 'Women\'s Aerosoles Push Ups Penny Loafer'),
(20967, 'Women\'s Palladium Pampa Free CVS Chukka Boot'),
(20968, 'Women\'s Irene Sneaker'),
(20969, 'Madden Girl Womens Finian Harness Faux Leather Booties'),
(20970, 'Madden Girl Womens Cinder Fabric Almond Toe Over Knee Fashion Boots'),
(20971, 'NATURE BREEZE FROST-03 Women\'s Lace Up Quilted Mid Calf Winter Snow Boots'),
(20972, 'Dolce Vita Women\'s Gia-S Slide Sandal'),
(20973, 'Dolce Vita Womens Marly Open Toe Casual T-Strap Sandals'),
(20974, 'Bussola Womens Josie Open Toe Casual'),
(20975, 'Women\'s White Mountain Pisces Wedge Slide'),
(20976, 'Easy Street Womens Memphis Closed Toe Mid-Calf Fashion Boots'),
(20977, 'Women\'s Aerosoles Stardom'),
(20978, 'Women\'s Propet TOBAGO Strap Sandals BEIGE 7 (2E)'),
(20979, 'women\'s trotters jaxson too'),
(20980, 'Dolce Vita Women\'s Shaye Platform Sandal'),
(20981, 'Women\'s Jambu JBU Bristol Winter Boot'),
(20982, 'Women\'s Jambu Cruise Encore Water Resistant Boot'),
(20983, 'Women\'s David Tate Art Bootie'),
(20984, 'Womens Comfort Side Zipper Riding Boot'),
(20985, 'Women\'s Aerosoles Password Ankle Boot'),
(20986, 'Picotee Women Western Cowboy Cowgirl Stitched Ankle High Short Boots Red'),
(20987, 'Women\'s Faux Leather Faux Wood Stacked Heel Laser-cut Booties'),
(20988, 'Nature Breeze Jillian-02 New Women Leatherette Warp Around Strap Riding Boot'),
(20989, 'Qupid Chester 120 Womens Shoes Studded Criss Cross Strappy Heel Black Suede'),
(20990, 'Women\'s Jambu JBU Spruce Chelsea Duck Boot'),
(20991, 'Women Ballet Flats Ballerina Loafers Slip-On Shoes w/ Floral Embroidery'),
(20992, 'Blossom A Josie 7X Women\'s Strappy D\'orsay Pointed Toe Pumps'),
(20993, 'Easy Street Womens Jem Closed Toe Ankle Fashion Boots'),
(20994, 'Easy Street Womens Franny Closed Toe Ankle Fashion Boots'),
(20995, 'Yellow Box Women\'s Stecy Wedge Sandal'),
(20996, 'Yoki FO30 Women\'s Floral Lace Up Block Low Heel Winter Duck Ankle Velvet Booties'),
(20997, 'Easy Street Tawny Women\'s Oxford'),
(20998, 'Soda ICEAGE-S Women\'s Perforated Ankle Heel Booties'),
(20999, 'Qupid Cashmere 49Women\'s Open Toe 3 Band Sandal Heels'),
(21000, 'Melrose Ave Women\'s Without a Doubt Vegan Platform Wedge'),
(21001, 'Women\'s Trotters Lenore Slingback'),
(21002, 'Soho Shoes Women\'s Open Toe Ankle Strap Platform Casual Stiletto Pumps Sandals'),
(21003, 'Qupid Womens Britt-09A Open Toe Casual Slide Sandals'),
(21004, 'Women\'s Rialto Venus Slide Sandal'),
(21005, 'Benjamin Walk Gwen - Color - Silver / Size - 6.5 M'),
(21006, 'women\'s touch ups margot caged sandal'),
(21007, 'Benjamin Walk Jazz - Color - Pewter / Size - 10.5 M'),
(21008, 'women\'s david tate sizzle slingback'),
(21009, 'Women\'s David Tate Delight Strappy Sandal'),
(21010, 'Women\'s Dyeables Codi Wedge Sandal'),
(21011, 'touch ups women\'s jasmine champange shimmer sandal'),
(21012, 'Dyeables Sloane - Color - Silver / Size - 5 M'),
(21013, 'Dyeables Maddox - Color - White / Size - 8.5 M'),
(21014, 'Brinley Co. Comfort Women\'s Espadrille Ankle-strap Wedge'),
(21015, 'Old Gringo Womens Lynn Almond Toe Mid-Calf Cowboy Boots'),
(21016, 'women\'s steve madden sinful heeled slide'),
(21017, 'Women\'s Rock Creek Wide Calf Boot'),
(21018, 'J. Renee Womens Silver OpenToe Sandals Size 7.5 New'),
(21019, 'Palm-20 Women\'s Open Toe Ankle Strap Buckle Chunky Heel Booties Sandal'),
(21020, 'Style Co. Womens Faee Closed Toe Mid-Calf Fashion Boots'),
(21021, 'Adult Split Sole Tap Shoes'),
(21022, 'Adult Tap Star Ribbon Tie Elastic Tap Shoes'),
(21023, 'David Tate Women\'s Verona Wedge Slide'),
(21024, 'New Balance Women\'s 574 Classics Running Shoe'),
(21025, 'XOXO Womens Mauricia Wide Calf Faux Leather Over-The-Knee Boots'),
(21026, 'T-Strap Character Shoe'),
(21027, 'Steve Madden Womens Crowne Open Toe Casual Ankle Strap Sandals'),
(21028, 'Women\'s Easy Street Burke Boot'),
(21029, 'Easy Street Women\'s Cecilia Dress Pump'),
(21030, 'Material Girl Womens Landrey Velvet Lace-Up Booties'),
(21031, 'Womens Adair Metallic Espadrilles Wedge Sandals'),
(21032, 'Not Rated Womens Furby Faux Fur Casual Slide Sandals'),
(21033, 'Steve Madden Womens Carrsonv Metallic Block Heel Dress Sandals'),
(21034, 'Steve Madden Womens Gigi Leather Scalloped Platform Sandals'),
(21035, 'Delicious Women\'s Faux Suede Stretchy Open Toe Open Back Over The Knee Block Chunky Heel Boot'),
(21036, 'Camel Faux Leather Star Patch Hidden Low Wedge Knee High Flat Boots Nag'),
(21037, 'Eva Zoe Womens Gabriella Over The Knee Boot Shoes'),
(21038, 'XAPPEAL Womens Carney Shin High Slouch Boot Shoes'),
(21039, 'ryka women\'s aries black/grey/blue sneaker 6 b (m)'),
(21040, 'Heal-USA Women Echo Ballet Flats'),
(21041, 'Bogs Boots Womens Pull On Charlie Melange WP Slip Resistant 72034'),
(21042, 'BP579-CORA 5.5\'\' Heel Platform Ankle Boot'),
(21043, 'Women\'s Trotters Kelsey Pump'),
(21044, 'JBU by Jambu Women\'s JACKSON Mule'),
(21045, 'Franco Sarto Artist Collection ALDRICH Women\'s Boot'),
(21046, 'Easy Spirit Women\'s Takeit Mule'),
(21047, 'Saucony Women\'s Kilkenny XC4 10124 Cross-Country Shoe Black/White/Pink'),
(21048, 'Womens Water Sneakers Shoes - Ladies Waterproof Watershoes Beach Pool Exercise Yoga'),
(21049, 'jack rogers women\'s georgica jelly thong sandal'),
(21050, 'Unique Bargains Women\'s Stacked Mid Heel Ankle Strap Open Toe Sandals'),
(21051, 'Breckelle\'s Women\'s Covina-24 Gladiator Strappy Flat Sandals'),
(21052, 'De Blossom Womens Lin-103 Strappy Bridesmaid Prom Party Sandal Pumps Shoes'),
(21053, 'Unique Bargains Women\'s Strap Decor Round Toe Block Heel Bootie'),
(21054, 'Unique Bargains Women\'s Tassel Zippered Pointed Toe Stacked Heel Ankle Boots'),
(21055, 'Topo Athletic Magnifly 2 Running Shoes - Navy/Pink - Womens - 8.5'),
(21056, 'Lucky Women\'s Emmie Ballet Flat'),
(21057, 'Unique Bargains Women\'s Block Heel Glen Check Ankle Strap Sandals'),
(21058, 'Not Rated Womens Lemon Twist Faux Leather Cut Out Gladiator Sandals'),
(21059, 'Women\'s Dyeables Elvira'),
(21060, 'Eddie Bauer Women\'s Shearling-Lined Moccasin Slipper'),
(21061, 'Material Girl Women\'s Capri Black Knee-High Boot - 5.5M'),
(21062, 'Aerosoles Women\'s Expert Faux Leather Gold Snake Ankle-High Pump - 6M'),
(21063, 'Inc International Concepts Womens Garoldd Leather Open Toe Casual Strappy San...'),
(21064, 'Steve Madden Women\'s Kickstart White Fashion Sneaker - 9M'),
(21065, 'Steve Madden Women\'s Tria Leather Silver Ankle-High Fashion Sneaker - 8M'),
(21066, 'Under Armour Women\'s Charged Push Tr Seg Indulge / Steel Metallic Silver Ankle-High Fabric Running Shoe - 6.5M'),
(21067, 'Asics Women\'s Gt-1000 4 Silver / Pistachio Pink Glow Ankle-High Mesh Running Shoe - 6M'),
(21068, 'Sanuk Women\'s Yoga Gora Gora Black Sandal - 6M'),
(21069, 'Steve Madden Women\'s Nauder Lavender Fabric Sandal - 11M'),
(21070, 'Steve Madden Women\'s Luxuri Satin Black Pump - 6M'),
(21071, 'New Balance Women\'s Wlazr Er Low Top Mesh Running Shoe - 12W'),
(21072, 'Puma Basket Platform Block Pink / Sulphur Spring Black Ankle-High Fashion Sneaker - 4.5M'),
(21073, 'Mizuno Women\'s Wave Catalyst Electric Green / Yellow Silver Ankle-High Running Shoe - 6.5M'),
(21074, 'New Balance Women\'s W490 Cn4 Ankle-High Running Shoe - 8W'),
(21075, 'Steve Madden Women\'s Nilunda Suede Black Pump - 6M'),
(21076, 'Blowfish Women\'s Korrekt Faux Leather Black Mid-Top Boot - 8M'),
(21077, 'Steve Madden Women\'s Irenee Suede Red Ankle-High Pump - 9.5M'),
(21078, 'Material Girl Womens Kinzley Fabric Peep Toe Casual Ankle Strap Sandals'),
(21079, 'Steve Madden Women\'s Fabulous Black Multi Ankle-High Fabric Pump - 7.5M'),
(21080, 'Steve Madden Women\'s Carrson Green Multi Ankle-High Pump - 6.5M'),
(21081, 'Steve Madden Women\'s Carrson Blue Ankle-High Pump - 7.5M'),
(21082, 'Asics Women\'s Gel-Hyper Tri 3 Aqua Splash / Silver Indigo Blue Ankle-High Fashion Sneaker - 6M'),
(21083, 'New Balance Women\'s Wc696 Al3 Ankle-High Fashion Sneaker - 12W'),
(21084, 'Mizuno Women\'s Wave Catalyst Blue / White Pink Ankle-High Running Shoe - 8M'),
(21085, 'Asics Women\'s Gel-Quantum 360 White / Snow Silver Ankle-High Running Shoe - 9M'),
(21086, 'women\'s aerosoles traveler slip-on'),
(21087, 'Chinese Laundry Womens Galactic Suede Open Toe Casual Gladiator Sandals'),
(21088, 'Womens Faith Leather Loafers'),
(21089, 'Aerosoles Womens Elimental Perforated Memory Foam Loafers'),
(21090, 'Impo Womens Judy Embroidery Faux Suede Over-The-Knee Boots'),
(21091, 'Puma Womens Classic Trainer Fashion Casual Shoes'),
(21092, 'UGG Jeovana Women\'s Shoes Lace Up Wedge Bootie 1017421 Chestnut'),
(21093, 'Franco Fortini Womens Brayden Low Heel Ankle Boot Shoes'),
(21094, 'Reebok Women\'s Harmony Road Blue/Grey/Grey/Sprk/VIT Running Shoe 7.5 Women US'),
(21095, 'Steve Madden Womens Plato S Strappy Gladiator Sandal Shoe'),
(21096, 'Mark Nason Los Angeles Women\'s Brentwood Oxford'),
(21097, 'Jambu Sideline Encore Women\'s Sandals Flip Flops'),
(21098, 'New CAT Womens Ness Black Fashion Boots Size 6.5'),
(21099, 'CAT Footwear Jory - Toffee 6(M) Jory W Casual Boot'),
(21100, 'Bar III Dove Women\'s Boots'),
(21101, 'women\'s k-swiss x-160 cmf sneaker'),
(21102, 'Women\'s A2 by Aerosoles Mid Range Gladiator Sandal'),
(21103, 'Softwalk Womens Tillman Leather Open Toe Casual Slide Sandals'),
(21104, 'Propet Belmont - Women\'s Tall Comfort Boots - Bronco Brown/Sage'),
(21105, 'Soda Women\'s Triangle Cutout Side Chunky Stacked Heel Ankle Bootie'),
(21106, 'City Classified Wome\'s Pointy Toe Cutout Ankle Strap Flat Sandal'),
(21107, 'CORRAL Women\'s Floral Embroidered Lamb Leather Cowgirl Boot Snip Toe Chocolate 10 M'),
(21108, 'Not Rated Women\'s ANOUK booties'),
(21109, 'Not Rated Women\'s Alpha Ankle Bootie'),
(21110, 'Top Moda Womens Page-22 Knee High Round Toe Buckle Slouched Low Heel Boots'),
(21111, 'Nature Breeze Women BRIDGE-01 boots'),
(21112, 'keds women\'s champion wool fashion sneaker'),
(21113, 'Women\'s Ankle Bootie With Low Heel And Cut-Out Side Design'),
(21114, 'Sperry Top-Sider Women\'s Intrepid'),
(21115, 'Cape Robbin Women\'s Shimmer Elastic Side Block Heel Ankle Boot'),
(21116, 'CORRAL Western Boots Womens Studded Harness 8.5 B Bronze C2932'),
(21117, 'Delura KALEESI / Qupid NEO-144 Classic Basic Casual Slouchy Flat Boot'),
(21118, 'Sperry Top-Sider Saltwater Duck Boot - Womens'),
(21119, 'wave sonic womens - mizuno'),
(21120, 'Wave Hitogami 4 Womens - Mizuno'),
(21121, 'Women\'s A2 by Aerosoles Quick Role Knee High Boot'),
(21122, 'Women\'s Louise Pump'),
(21123, 'Vaneli Womens Gemma Almond Toe'),
(21124, 'Fergalicious Womens Paisley Closed Toe Ankle Fashion Boots'),
(21125, 'Women\'s Cliffs by White Mountain Urville Slouch Ankle Boot'),
(21126, 'Cape Robbin Paw-42 Thigh High Over Knee Vintage Denim Closed Toe Block Heel Boot Blue (6)'),
(21127, 'Easy Spirit Womens Motion Leather Low Top Lace Up Fashion Sneakers'),
(21128, 'women\'s fergalicious lexus riding boot wide calf'),
(21129, '1Duck Women\'s Lace Up Two Tone Combat Style Calf Rain Duck Boots Black 6'),
(21130, 'Womens Longevity Faux Leather Belted Ankle Boots'),
(21131, 'Frozen02 Brown 7.5 BM'),
(21132, 'Qupid Womens Rhythm-13 Pointed Toe Ankle Fashion Boots'),
(21133, 'Women\'s Twisted X Boots Fish Leather Driving Moc'),
(21134, 'Women\'s Over Knee High Block Chunky Heel Thigh Heel Faux Suede Boots (FREE SHIPPING)'),
(21135, 'Brinley Co. Womens Comfort Side Stitch Ankle Bootie'),
(21136, 'X2B FG50 Women\'s Over The Knee Ripped Distressed Chunky Block Heel Denim Boots'),
(21137, 'Koolaburra By Ugg Women\'s Lene Fashion Boot'),
(21138, 'Jolyn-9 Women\'s Folded Causal Slip On Pull Up Slouch Flat Heel Mid Calf Round Toe Boots'),
(21139, 'Women\'s A2 by Aerosoles Love Potion Loafer'),
(21140, 'Sperry Women\'s Saltwater Prints Rain Boot'),
(21141, 'NATURE BREEZE EK19 Women\'s Stretchy Lace Up Zipper Ankle High Block Heel Booties'),
(21142, 'Style Co. Womens Dyanaa Closed Toe Ankle Fashion Boots'),
(21143, 'Women\'s Martha Over The Knee Boot'),
(21144, 'Talia-Hi Women Mukluk Faux Fur Boot Mid Calf Winter Snow Gray'),
(21145, 'Delicious Shaky S Womens Caged Open Toe Pointed Heeled Bootie'),
(21146, 'women\'s fergalicious lexis riding boot'),
(21147, 'PEERAGE Kelsey Women Wide Width Peep Toe Adjustable Slingback Comfort Suede Flat RED 10.5'),
(21148, 'Alfani Womens Hazzel Leather Pointed Toe Ankle Fashion Boots'),
(21149, 'Indigo Rd. Womens Gerald2 Closed Toe Mid-Calf Fashion Boots'),
(21150, 'Women\'s SoftWalk Frontier Boot'),
(21151, 'Women\'s Wide Calf Buckle Tall Round Toe Riding Boots'),
(21152, 'Womens Steve Madden Belit Studded Platform Fashion Sneakers - Grey'),
(21153, 'Dr. Scholl\'s Womens Gemini Open Toe Casual Platform Sandals'),
(21154, 'women\'s aerosoles midpoint ankle cuff sandal'),
(21155, 'Grasshoppers Womens Explore Lace Low Top Lace Up Fashion Sneakers'),
(21156, 'Skechers Womens Comfort Flex Low Top Lace Up Fashion Sneakers'),
(21157, 'Bed Stu Affair Women\'s Lace Up Vintage Combat Boots - Many Colors'),
(21158, 'Array Womens Camille Leather Closed Toe Oxfords'),
(21159, 'Naturalizer Womens Morrison Leather Low Top Lace Up Fashion Sneakers'),
(21160, 'Women\'s Aerosoles Trend Setter Slip On'),
(21161, 'Giani Bernini Womens Mauwe Closed Toe Loafers'),
(21162, 'Volatile Womens Tracj Closed Toe Loafers'),
(21163, 'Women\'s Carlos by Carlos Santana Adalyn Thong Sandal'),
(21164, 'Women\'s Aerosoles Smart Start Boat Shoe'),
(21165, 'Camila-81 Women\'s Fringe Cowgirl Almond Toe Lace Zipper Up Chunky Heel Ankle Booties'),
(21166, 'Born Womens Abernath Leather Closed Toe Ankle Fashion Boots'),
(21167, 'Womens Comfort Wide Calf Classic Riding Boot'),
(21168, 'bumper bb48 women leatherette perforated ankle wrap thong gladiator flat sandal'),
(21169, 'Qupid Chamber 01 Women\'s Shoes Open Toe Strappy Buckled Stacked Heel Black'),
(21170, 'Giani Bernini Womens Varaa Closed Toe Classic Pumps'),
(21171, 'Adult 2 Heel Character Shoes'),
(21172, 'Women\'s Rhinestone Open Ankle Strap Stiletto Heel Sandals Yellow (Size 6)'),
(21173, 'Women\'s Aerosoles Network Slide Sandal'),
(21174, 'Material Girl Women\'s Swan Flat Thong Sandals'),
(21175, 'Inc International Concepts Womens Kamma Fabric Open Toe Special Occasion Stra...'),
(21176, 'Michael Antonio Women\'s Helena Heeled Sandal'),
(21177, 'women\'s dyeables sonya'),
(21178, 'Women\'s Aurora Ankle Strap Sandal'),
(21179, 'Chinese Laundry Rosie Two-Piece Scalloped Dress Sandals'),
(21180, 'Dr. Comfort Riley Women\'s Athletic Shoe: 8.5 Wide (C-D) White Lace'),
(21181, 'Women\'s Pointed Toe Asymmetrical Strap Glitter Heels'),
(21182, 'Women\'s Aerosoles Taxi Ride Pump'),
(21183, 'Walking Cradles Womens bounce Closed Toe'),
(21184, 'White Mountain Womens Markos Leather Round Toe'),
(21185, 'Women\'s Aerosoles Plush Behind Slingback'),
(21186, 'Women\'s Slingback Wedges Platform Ankle Strap Heel Sandals Brown (Size 9)'),
(21187, 'Rampage Womens Ram-Saddie Closed Toe Ankle Fashion Boots'),
(21188, 'Sperry Womens Ivyfish Stripe Suede Square Toe Boat Shoes'),
(21189, 'Madden Girl Womens Fayth Fabric Round Toe Ankle Fashion Boots'),
(21190, 'Alfani Womens Nickki Leather Closed Toe Ankle Fashion Boots'),
(21191, 'City Classified Quest-S Women\'s Back Tie Tall Boots'),
(21192, 'City Classified Kristen Women\'s Perforated Ankle Heel Booties'),
(21193, 'Youth-01 Women Waterproof Warm Hiking Snow Rain Winter Mid Calf Drawstring Boot Black'),
(21194, 'Rampage Womens Hansel Closed Toe Knee High Fashion Boots'),
(21195, 'Fergalicious Women\'s Tender Knee High Boot'),
(21196, 'Womens Faux Suede Knot Ankle Strap High Heels'),
(21197, 'Nature Breeze Prima-12 Women Leatherette Buckles Chains Motorcycle Riding Ankle Bootie'),
(21198, 'Women\'s Circus by Sam Edelman Leni-36 Slip-On Espadrilles'),
(21199, 'Women\'s Sidewalk Loafer'),
(21200, 'Soda Fiesta Women\'s Espadrilles Open Back Flat'),
(21201, 'Easy Street Womens Garrett Round Toe Casual Ankle Strap Sandals'),
(21202, 'Time and Tru Women\'s Jewel Chopout Ballet Flat Shoe'),
(21203, 'Naturalizer Womens Demi Leather Almond Toe Knee High Fashion Boots'),
(21204, 'YOKI FL56 Women\'s Lace Up Two Tone Rain Ankle High Duck Boots'),
(21205, 'Bare Traps Womens Jackeline Closed Toe Ankle Wrap Espadrille Flats'),
(21206, 'Bella Vita Womens Channing Cap Toe Espadrille Flats'),
(21207, '1Kylie-01 Women Double Buckle Straps Sandals Flip Flop Platform Footbed Sandals Gold 8.5'),
(21208, 'Inc International Concepts Womens Taloo Pointed Toe Casual Slingback Sandals'),
(21209, 'Yellow Box Praise Women\'s Perforated Slip On Slide 37566'),
(21210, 'Michael Antonio Women\'s Hudsen-Met Heeled Sandal'),
(21211, 'Chinese Laundry Womens Rosita Suede Open Toe Casual Ankle Strap Sandals'),
(21212, 'Old Gringo Womens Yl 149 Almond Toe Mid-Calf Cowboy Boots'),
(21213, 'Women\'s Round Toe Patent Pumps'),
(21214, 'Womens Easy Street Erin Slingback Mule Sandals - Brown Burnishe'),
(21215, 'Call It Spring Women\'s Fibocchi Ballet Flat'),
(21216, 'Style Co Women\'s Adelay Mid Calf Boot'),
(21217, 'Dr Scholl\'s Womens Scout Fashion Loafers'),
(21218, 'Not Rated Womens Zolin Woven Embossed T-Strap Sandals'),
(21219, 'Steve Madden Womens Lucy Open Toe Studded Dress Sandals'),
(21220, 'Women\'s Easy Street Burke Plus Boot'),
(21221, 'Madden Girl Womens Torch Fabric Round Toe Ankle Fashion Boots'),
(21222, 'Womens Chandler Leather Printed Flat Sandals'),
(21223, 'Sorel Women\'s 1964 Pac 2 Waterproof Boots'),
(21224, 'Delicious Women\'s Open Toe Ankle Strap Single Sole Dress Sandal'),
(21225, 'Women\'s Dr. Comfort Ortho Sandals'),
(21226, 'Skechers Women\'S Seager-Strike Out-Scalloped Engineered Knit Mary Jane Flat'),
(21227, 'Michael Kors Natasha Slide Women\'s Slippers'),
(21228, 'Women\'s Drew Ariana Slide'),
(21229, 'Rocket Dog Deon Women Round Toe Synthetic Ankle Boot'),
(21230, 'Ellie Shoes E-850-Vanity 8 MULE PLATFORM 10 / Clear/Black'),
(21231, 'women\'s drew krista lace up bootie'),
(21232, 'Women\'s David Tate Citadel'),
(21233, 'Tapsonic Tap Shoe'),
(21234, 'Vans - Womens Authentic Lo Pro Shoes'),
(21235, 'Charles Albert Women\'s Allstar Riding Knee-High Boot in Black Size: 7'),
(21236, 'Legend8 Leatherette Military Combat Boot Lace Up Foldable Women New Shoe'),
(21237, 'Top Moda Women\'s Vision-75 Ankle Wrap Adjustable Buckle Stacked Chunky Heel Sandal'),
(21238, 'Top Moda Women Coco-1 boots'),
(21239, 'Top Moda Eva-11 Womens Round Toe Platform Wedge Crossing Buckled Ankle Strap Suede Shoes'),
(21240, 'Lauren Ralph Lauren Women\'s Kaliyah Boot'),
(21241, 'Unique Bargains Women\'s Mid Block Heel Crisscross Ankle Strap Sandals'),
(21242, 'Cape Robbin Women\'s Open Toe Sequin Strappy Flat Sandal'),
(21243, 'Unique Bargains Women\'s Rhinestone Decor T-Strap Stiletto Sandals'),
(21244, 'Womens Flats Casual Comfortable Canvas Shoes with Ankle Strap - Ballet Flat'),
(21245, 'Nature Breeze Womens Lauren-03 Fashion Buckle Strap Knee High Boot'),
(21246, 'Soda Women OBJECT-S flats-shoes'),
(21247, 'FOREVER KYLA-3 Women\'s Fashion Pull-On Faux Fur Waterproof Lace Up Duck Boots'),
(21248, 'NATURE BREEZE DUCK-01 Women\'s Chic Lace Up Buckled Duck Waterproof Snow Boots'),
(21249, 'Asics Gel-Flux 3 Running Women\'s Shoes Size'),
(21250, 'BONNIBEL WONDA-2 Womens Peep Toe Low Heel Glitter Slip On Dress Pumps'),
(21251, 'mizuno women\'s wave shadow running shoe'),
(21252, 'Bella Vita Womens Diem Leather Pointed Toe Classic Pumps'),
(21253, 'Mizuno Womens Running Shoes - Women\'s Wave Paradox 3 - 410788'),
(21254, 'Mizuno Womens Running Shoes - Women\'s Wave Horizon - 410874'),
(21255, 'Steve Madden Women\'s Raelee Suede Black Ankle-High Pump - 5M'),
(21256, 'Saucony Women\'s Guide 10 Silver / Berry Ankle-High Running Shoe - 7M'),
(21257, 'New Balance Women\'s Wx20 Bk6 Ankle-High Running Shoe - 7.5M'),
(21258, 'Steve Madden Women\'s Passion Blush Ankle-High Fabric Slip-On Shoes - 8M'),
(21259, 'Asics Women\'s Gel-Encourage Le White / Silver Ankle-High Running Shoe - 5.5M'),
(21260, 'Steve Madden Women\'s Cove Black Multi Leather Pump - 5.5M'),
(21261, 'Puma Women\'s R698 Patent Nude Slate Ankle-High Fashion Sneaker - 6.5M'),
(21262, 'MICHAEL Michael Kors Women\'s Millie Slide'),
(21263, 'Steve Madden Womens Daze Leather Open Toe Slide Sandals'),
(21264, 'Steve Madden Womens Isabella Embellished Fringe Flat Sandals'),
(21265, 'Madden Girl Women\'s Become Ankle Boot'),
(21266, 'women\'s carlos by carlos santana sterling bootie'),
(21267, 'women\'s aerosoles hole of fame mid calf boot'),
(21268, 'Stuart Weitzman Mitten Women\'s Boots'),
(21269, 'Women Pointed Toe Stacked Heel Ankle Chelsea Boots'),
(21270, 'De Blossom Collection Womens Farah-10 Stunning Strappy Dress Heel Party Sandals'),
(21271, 'De Blossom Womens Robin-107 Ankle Strap Dress Sandals'),
(21272, 'BELLA MARIE MARCY-11 Women\'s Soft Lace Up Chukka Boots'),
(21273, 'Under Armour Women\'s Speedform Slingride Tri Running Shoe'),
(21274, 'Soda Womens Bower Fashion Sandals'),
(21275, 'Unique Bargain Women\'s Striped Ankle Tie Espadrille Wedge Heel Sandals Camel (Size 9.5)'),
(21276, 'Propet Khloe - Sandals - Women\'s - Bronco Brown'),
(21277, 'Women\'s Fergalicious Campton Ankle Bootie'),
(21278, 'Mark and Maddux Pointed Toe Women\'s Loafer Pumps'),
(21279, 'Giani Bernini Womens Giani Bernini Seanuh Wedge Pumps Suede Round Toe Wedge P...'),
(21280, 'Women\'s Fergalicious Maryanne Cage Heel'),
(21281, 'Women\'s Malise Bootie'),
(21282, 'Women\'s Fergie Footwear Taryn Sock Bootie'),
(21283, 'Women\'s A2 by Aerosoles Fanatic Open Toe Slip-On'),
(21284, 'Michael Michael Kors Womens Sabrina Mid Bootie Leather Closed Toe Ankle Fashi...'),
(21285, 'Youth-01 Women Waterproof Warm Hiking Snow Rain Winter Mid Calf Drawstring Boot Gray'),
(21286, 'Brinley Co. Women\'s Faux Suede Two-tone Western Side Slit Booties'),
(21287, 'Delicious Urkel SWomens Open Toe Studded Stacked Heel'),
(21288, 'Delicious Harmony-S Women\'s Ankle Strap Open Toe Heels'),
(21289, 'Aerosoles Womens Cool Breeze Canvas Open Toe Casual Slide Sandals'),
(21290, 'City Classified Sprint Women\'s Cut Out Ankle Booties'),
(21291, 'City Classified GREAT-S Women\'s Stud Chelsea Ankle Bootie'),
(21292, 'Womens Scalloped Pointed Toe Pump'),
(21293, 'Brinley Co. Womens Comfort Chelsea Wedge Bootie'),
(21294, 'Women\'s Anastasia Flat'),
(21295, 'Naturalizer Womens Emiline Leather Almond Toe Loafers'),
(21296, 'Michael Michael Kors Womens Paris Leather Closed Toe D-Orsay Pumps'),
(21297, 'Emiline Leather Smoking Loafers'),
(21298, 'Qupid Sochi-133 Womens Nubuck Side Zipper Ankle Bootie'),
(21299, 'Womens Faux Leather Satin Glitter Pointed Toe V-strap Heels'),
(21300, 'White Mountain Deering\' Women\'s Bootie'),
(21301, 'Women\'s Spring Step Woolin Slip-On'),
(21302, 'MICHAEL Michael Kors Womens DAMITA Leather Open Toe Casual Platform Sandals'),
(21303, 'Qupid Women\'s Swirl-92 Mule'),
(21304, 'Qupid Trench-145 Women Suede T-Strap Almond Toe Pump'),
(21305, 'Women\'s Aerosoles Right Plush Strappy Sandal'),
(21306, 'Yellow Box Womens Feather Leather Open Toe Casual Platform Sandals'),
(21307, 'Style Co. Womens Finlacey Open Toe Casual T-Strap Sandals'),
(21308, 'Qupid AG42-Identity-08x Women Leatherette Open Toe Strappy Flat Sandal'),
(21309, 'Naturalizer Womens Margo Closed Toe Slingback Classic Pumps'),
(21310, 'Inc International Concepts Womens Carma Pointed Toe Ankle Strap Classic Pumps'),
(21311, 'Qupid Trench 256x Womens Shoes Closed Toe Bow Embellished Pump Ash Rose'),
(21312, 'Soda Allie-S Womens Open Toe Double Strap Sandals'),
(21313, 'Womens Woven Detail Boho Bootie'),
(21314, 'Women\'s Back East Ankle Boot'),
(21315, 'Brinley Co. Womens Comfort Extra Wide Calf Strap Riding Boot'),
(21316, 'trotters women\'s mindy dark grey cow suede leather boot 6 m (b)'),
(21317, 'Chinese Laundry Womens Florentine Pointed Toe Ankle Fashion Boots'),
(21318, 'Cole Haan Womens Arden Grand Bootie Closed Toe Ankle Fashion Boots'),
(21319, 'Womens Summer T-Strap Retro Jelly Rain Flat Sandals (FREE SHIPPING)'),
(21320, 'Women\'s Glitter Open Toe T-Strap Wedge Heel Sandals Gold (Size 5.5)'),
(21321, 'women\'s touch ups steele thong sandal'),
(21322, 'Carrini CA Collection Women\'s Fashion Buckle Pocket Boots'),
(21323, 'MICHAEL Michael Kors Womens Bella Leather Heels Platform Sandals'),
(21324, 'BDW-14W Western Cowboy Cowgirl Mid Calf Pointed Toe Stitched Boots Wine'),
(21325, 'Inc International Concepts Womens Frankll Leather Closed Toe Knee High Fashio...'),
(21326, 'Propet TravelWalker II - Active - Women\'s - White Mesh'),
(21327, 'Unisex Water Shoes Barefoot Skin Shoes Water Shoe For Dive Surf Swim Beach Yoga'),
(21328, 'Material Girl Women\'s Selena Slingback Thong Sandals'),
(21329, 'Rialto Womens Calla Faux Suede Tall Over-The-Knee Boots'),
(21330, 'Madden Girl Womens Bangg Faux Suede Block Heel Dress Sandals'),
(21331, 'Xappeal Womens Emery Wide Calf Riding Boot Shoes'),
(21332, 'Women\'s Life Stride Qwin Loafer'),
(21333, 'Ellie Shoes E-649-Disco 6 Crossed strap textured platform 10 / Black Glitter'),
(21334, '850-VANITY 8\'\' Heel Sandal Shoe'),
(21335, 'Sperry Top-Sider A/O 2-Eye Women\'s Loafers Slip-Ons'),
(21336, 'Franco Sarto Womens GARFIELD BOOTIE'),
(21337, 'TOMS Women\'s Desert Wedge Black Suede Boot 5 B (M)'),
(21338, 'Unique Bargains Women\'s Tassel Closure Chunky High Heel Lace Up Sandals'),
(21339, 'Sperry Top-Sider Women\'s Ivyfish Waxed Black Boat Shoe'),
(21340, 'Shoes of Soul Womens Mid Calf Faux Suede Moccasins Flat 3 Layer Fringe Side Zipper Boots Shoes'),
(21341, 'Ugg Girl\'s Bailey Button K Black Mid-Calf Wool Snow Boot - 4M'),
(21342, 'Women\'s Spring Step TWILA Loafer BRONZE 37 M EU 6.5-7 M'),
(21343, 'SC Home Collection Womens 13117 Plush Embroidered Cozy House Slippers Made in Europe'),
(21344, 'SC Home Collection Womens 16917 Plush House Slippers Made in Europe'),
(21345, 'Bernie Mev Women\'s Rigged Jim Fabric Casual'),
(21346, 'miz mooz darien women\'s ankle boot'),
(21347, 'Bronx Womens Mixer Up Combat Boots'),
(21348, 'Bernie Mev Women\'s Cuddly Mary Jane Flat'),
(21349, 'SC Home Collection Womens 15217 Natural Wool Hippie Flower Cozy House Slippers Made in Europe'),
(21350, 'Spring Step Women\'s Decca Slide Sandal'),
(21351, 'Alegria Keli Professional Slip Resistant Work Loafer Shoe - Womens'),
(21352, 'Women\'s Spring Step ROXY Loafer BRONZE 36 M EU 5.5-6 M'),
(21353, 'Flexus Women\'s WILLA Sandals NAVY 36 M EU 5.5-6 M'),
(21354, 'Spring Step Women\'s Surpass Bronze Sandals 37 W EU 6.5-7 WW'),
(21355, 'Miz Mooz Womens Bubbles Brown Ankle Boots EUR 38'),
(21356, 'Womens Neina Leather Open Toe Casual Ankle Strap Sandals'),
(21357, 'Adult Stage Right 2 Character Shoes'),
(21358, 'Women\'s All About Bling Wedge Sandals - Leather Uppers - 2.5 Heels'),
(21359, 'SC Home Collection Womens 12417 Plush Embroidered Cozy House Slippers Made in Europe'),
(21360, 'El Naturalista Womens N734 Nido Ankle Boot Shoes'),
(21361, 'Miz Mooz Marybeth Women\'s Knee-High Boot'),
(21362, 'Alegria Paloma'),
(21363, 'SC Home Collection Womens 12117 Wedge Plush Cozy House Slippers Made in Europe'),
(21364, 'Bernie Mev Bella Me Ballerina Flat Slip On Ballet Shoe - Womens'),
(21365, 'Women\'s L\'Artiste by Spring Step Lexy Wedge Sandal'),
(21366, 'Women\'s Spring Step YVONNE Pump BRONZE 35 M EU 5 M'),
(21367, 'El Naturalista Womens N800 Taiga Hiking Boot Shoes'),
(21368, 'SC Home Collection Womens 13517 Plush Heart Cozy House Slippers Made in Europe'),
(21369, 'miz mooz ness women\'s combat boot'),
(21370, 'NK FASHION Womens Indoor Slippers Cute Bow Soft Sole House Slipper Flat Shoes Winter Warm'),
(21371, 'Women\'s Alegria by PG Lite Classic Footbed'),
(21372, 'Bling Rhinestone Womens T Shirt Strawberry Cowgirl Boot JRW-511 SC'),
(21373, 'skechers gowalk 4 diffuse womens slip on sneakers black/hot pink'),
(21374, 'Tretorn Men\'s Camden 3 Suede Birch / White Ankle-High Fashion Sneaker - 8.5M'),
(21375, 'Asics Women\'s Gel-Kayano 23 Silver / Pink Glow Parachute Purple Ankle-High Running Shoe - 6.5W'),
(21376, 'Asics Women\'s Gel-Foundation 12 Silver Grey / Pistachio Pink Glow Ankle-High Running Shoe - 8M'),
(21377, 'New Balance Womens Wl520 Low Top Lace Up Fashion Sneakers'),
(21378, 'Asics Women\'s Jolt Black / Carbon Peach Ankle-High Running Shoe - 10.5M'),
(21379, 'Life Stride Women\'s Carla Navy Ankle-High Suede Pump - 11W'),
(21380, 'Steve Madden Women\'s Sophia Suede Taupe Leather Pump - 11M'),
(21381, 'Steve Madden Women\'s Garcia Black Ankle-High Pump - 11M'),
(21382, 'Steve Madden Women\'s Riesling Velvet Black Pump - 11M'),
(21383, 'Steve Madden Women\'s Addon Suede Black Pump - 11M'),
(21384, 'Puma Women\'s Carson Runner Knit Black/Star White Ankle-High Running Shoe - 9.5M'),
(21385, 'Mirranda Platform Wedge Sandals'),
(21386, 'Asics Women\'s Solution Speed Ff Pink Glow / White Ankle-High Running Shoe - 10.5M'),
(21387, 'Women\'s Drew Bloom II'),
(21388, 'Ros Hommerson Cameo W Round Toe Leather Loafer'),
(21389, 'American Rag Women\'s Jessie Mary Jane Pumps'),
(21390, 'Alfani Women\'s JEMAH Closed Toe Ballet Flats'),
(21391, 'Bella Vita Keaton Open Toe Leather Platform Heel'),
(21392, 'Michael Michael Kors Womens Damita Canvas Open Toe Casual Platform Sandals'),
(21393, 'Steve Madden Womens Coast Toe Loop Stretch Flip-Flops'),
(21394, 'Womens Rosella receive Block Heel Open Toe Strappy Sandals'),
(21395, 'Nomad Women\'s Mid-Calf Puddles Rubber Rain Boots - Choose Your Size Color-Berry / Gold Hatch / 6 M (US)'),
(21396, 'women\'s aerosoles longevity ankle boot'),
(21397, 'J. Adams Corrine Wood Heel Lace Up Bootie'),
(21398, 'Skechers Women\'s Pure Sneaker'),
(21399, 'Fitflop Womens Buckle Sneakerloafer Slip On Shoes'),
(21400, 'Aquatalia Rochelle Women\'s Boots'),
(21401, 'Refresh Women WILD-02 Western Style Cowboy Boots'),
(21402, 'Sorel Women\'s Tivoli High II'),
(21403, 'Mizuno Women\'s Wave Inspire 14 Running Shoe'),
(21404, 'Skechers Women\'s Max-Fade White / Grey Ankle-High Fashion Sneaker - 10W'),
(21405, 'Steve Madden Women\'s Shanna Nubuck Grey Leather Pump - 10M'),
(21406, 'Steve Madden Women\'s Korra Suede Black Ankle-High Pump - 10M'),
(21407, 'Michael Antonio Women\'s Gstep Green Ankle-High Boot - 10M'),
(21408, 'Steve Madden Women\'s Ballard Suede Black Ankle-High Pump - 7M'),
(21409, 'Steve Madden Women\'s Glitter Leather Black Pump - 8.5M'),
(21410, 'Sorel Women\'s Joan Of Arctic Black / Stone Mid-Calf Leather Snow Boot - 8.5M'),
(21411, 'Sorel Women\'s Tofino Ii Black / Stone Mid-Calf Canvas Snow Boot - 6.5M'),
(21412, 'Tretorn Women\'s Carry 4 Velvet Patent Leather Bluette / Light Midnight Ankle-High Fashion Sneaker - 8.5M'),
(21413, 'Steve Madden Women\'s Berry Blush Ankle-High Satin Ballet Flat - 9M'),
(21414, 'New Balance Women\'s Wsyn Le1 Ankle-High Running Shoe - 9.5M'),
(21415, 'Bar Iii Women\'s Dove Banana Bread Ankle-High Boot - 10M'),
(21416, 'Steve Madden Women\'s Spindle Nubuck Olive Pump - 10M'),
(21417, 'New Balance Women\'s Ws215 Rc Ankle-High Fashion Sneaker - 9.5M'),
(21418, 'Dr. Scholl\'S Women\'s Cora Black Ankle-High Sandal - 10M'),
(21419, 'New Balance Women\'s Wxagl Id Ankle-High Walking Shoe - 8.5M'),
(21420, 'Callisto Spring Thong Wedge Sandals'),
(21421, 'Tretorn Women\'s Carry Frg 7 Satin Fashion Shoes - 4.5M - Salmon'),
(21422, 'Puma Women\'s Platform Trace L Shell Pink / White Ankle-High Leather Fashion Sneaker - 5.5M'),
(21423, 'Women\'s SoftWalk Irish Mary Jane'),
(21424, 'women\'s drew flash ii'),
(21425, 'Unique Bargains Women\'s Chunky Heel Scalloped Ankle Strap Sandals'),
(21426, 'Style Co. Womens Hadleyy Closed Toe Knee High Fashion Boots'),
(21427, 'Reebok Womens Prime Runner Fc Low Top Lace Up Running Sneaker'),
(21428, 'Ros Hommerson Womens Caruso Closed Toe Loafers'),
(21429, 'Women\'s A2 by Aerosoles Above All Ankle Boot'),
(21430, 'Women\'s SoftWalk Cazadero Gladiator Sandal'),
(21431, 'Calculus Velvet Smoking Slippers'),
(21432, 'Walking Cradles Womens Flick Closed Toe Ballet Flats'),
(21433, 'Brinley Co. Womens Faux Suede Laser Cut Open Toe Wedges'),
(21434, 'David Tate Womens Dolce Leather Open Toe Casual Strappy Sandals'),
(21435, 'Easy Street Women\'s Proctor Comfort Slip On (Brown)'),
(21436, 'Steve Madden Womens Wayne Moto Combat Booties'),
(21437, 'Sugar Womens Nectar Faux Suede Stacked Heel Booties'),
(21438, 'Easy Street Endear Women Round Toe Synthetic Brown Bootie'),
(21439, 'Dolce Vita Women\'s Halo Heeled Sandal'),
(21440, 'Women\'s Under Armour Charged Bandit 3 Running Shoe'),
(21441, 'Charles David Womens \'Morgan\' Heeled Sandal Shoe'),
(21442, 'Skechers Women\'s Go Walk Lite-15467 Mary Jane Flat'),
(21443, 'Giani Bernini Odele Women\'s Boots'),
(21444, 'Cole Haan Womens Davenport Closed Toe Ankle Fashion Boots Fashion Boots'),
(21445, 'women\'s easy street ryanne wedge slingback'),
(21446, 'Women\'s A2 by Aerosoles Redwood2 Pump'),
(21447, 'TuffRider Ladies Starter Front Zip Paddock Boots'),
(21448, 'wave women\'s drawstring slip on aqua socks water shoes'),
(21449, 'Sorel Tivoli III High Premium Boot - Womens'),
(21450, 'REFRESH LIBBY-01 Women\'s short version combat boots on traction outsole with ...'),
(21451, 'Top Moda Womens Fay-42 Over The Knee Buckle Riding Boots'),
(21452, 'Bamboo Women\'s Wedge Sandals with Faux Cork Sole and Bow Design'),
(21453, 'DeBlossom Womens Dressy Glitter Rhinestone T Strap Platform Wedge Sandal Aalle-2'),
(21454, 'SKECHERS SHAKE IT OFF 22602GRY GREY'),
(21455, 'Unique Bargains Women\'s Stiletto Scalloped Ankle Strap Sandals'),
(21456, 'Saucony Women\'s Breakthru 3 Running-Shoes');

-- --------------------------------------------------------

--
-- Tabelstructuur voor tabel `models_sizes`
--

CREATE TABLE `models_sizes` (
  `id` int(11) NOT NULL,
  `models_id` int(11) NOT NULL,
  `sizes_id` int(11) NOT NULL
) ENGINE=InnoDB DEFAULT CHARSET=utf8mb4;

--
-- Gegevens worden geëxporteerd voor tabel `models_sizes`
--

INSERT INTO `models_sizes` (`id`, `models_id`, `sizes_id`) VALUES
(27697, 19969, 4380),
(27698, 19970, 4381),
(27699, 19971, 4382),
(27700, 19972, 4383),
(27701, 19973, 4384),
(27702, 19974, 4385),
(27703, 19975, 4385),
(27704, 19975, 4386),
(27705, 19976, 4387),
(27706, 19976, 4388),
(27707, 19977, 4389),
(27708, 19978, 4390),
(27709, 19979, 4391),
(27710, 19980, 4391),
(27711, 19981, 4391),
(27712, 19982, 4391),
(27713, 19983, 4391),
(27714, 19983, 4392),
(27715, 19984, 4392),
(27716, 19985, 4392),
(27717, 19985, 4393),
(27718, 19985, 4393),
(27719, 19986, 4393),
(27720, 19987, 4393),
(27721, 19987, 4394),
(27722, 19988, 4395),
(27723, 19988, 4395),
(27724, 19989, 4395),
(27725, 19989, 4395),
(27726, 19990, 4395),
(27727, 19991, 4395),
(27728, 19992, 4395),
(27729, 19993, 4396),
(27730, 19993, 4396),
(27731, 19993, 4396),
(27732, 19993, 4396),
(27733, 19994, 4396),
(27734, 19995, 4396),
(27735, 19995, 4396),
(27736, 19995, 4396),
(27737, 19996, 4397),
(27738, 19996, 4397),
(27739, 19997, 4397),
(27740, 19997, 4397),
(27741, 19998, 4397),
(27742, 19999, 4397),
(27743, 20000, 4398),
(27744, 20001, 4399),
(27745, 20002, 4400),
(27746, 20003, 4401),
(27747, 20004, 4402),
(27748, 20004, 4402),
(27749, 20005, 4403),
(27750, 20006, 4404),
(27751, 20007, 4405),
(27752, 20008, 4406),
(27753, 20009, 4407),
(27754, 20009, 4408),
(27755, 20010, 4409),
(27756, 20011, 4410),
(27757, 20012, 4410),
(27758, 20013, 4411),
(27759, 20014, 4411),
(27760, 20015, 4411),
(27761, 20016, 4411),
(27762, 20017, 4411),
(27763, 20018, 4411),
(27764, 20019, 4411),
(27765, 20020, 4411),
(27766, 20021, 4411),
(27767, 20022, 4411),
(27768, 20023, 4411),
(27769, 20024, 4411),
(27770, 20025, 4411),
(27771, 20026, 4411),
(27772, 20027, 4411),
(27773, 20028, 4411),
(27774, 20029, 4411),
(27775, 20030, 4411),
(27776, 20031, 4411),
(27777, 20032, 4411),
(27778, 20033, 4411),
(27779, 20034, 4411),
(27780, 20035, 4411),
(27781, 20035, 4411),
(27782, 20036, 4411),
(27783, 20037, 4411),
(27784, 20038, 4411),
(27785, 20039, 4411),
(27786, 20040, 4411),
(27787, 20041, 4411),
(27788, 20042, 4411),
(27789, 20043, 4411),
(27790, 20043, 4411),
(27791, 20044, 4411),
(27792, 20045, 4411),
(27793, 20046, 4411),
(27794, 20047, 4411),
(27795, 20048, 4411),
(27796, 20049, 4411),
(27797, 20050, 4411),
(27798, 20051, 4411),
(27799, 20051, 4412),
(27800, 20051, 4412),
(27801, 20052, 4413),
(27802, 20053, 4413),
(27803, 20054, 4413),
(27804, 20055, 4413),
(27805, 20056, 4413),
(27806, 20057, 4413),
(27807, 20057, 4413),
(27808, 20058, 4413),
(27809, 20059, 4413),
(27810, 20059, 4413),
(27811, 20060, 4413),
(27812, 20060, 4413),
(27813, 20061, 4413),
(27814, 20061, 4413),
(27815, 20062, 4413),
(27816, 20063, 4413),
(27817, 20064, 4413),
(27818, 20064, 4413),
(27819, 20064, 4413),
(27820, 20065, 4413),
(27821, 20065, 4413),
(27822, 20066, 4413),
(27823, 20067, 4413),
(27824, 20068, 4413),
(27825, 20069, 4413),
(27826, 20070, 4413),
(27827, 20071, 4413),
(27828, 20071, 4413),
(27829, 20072, 4413),
(27830, 20073, 4413),
(27831, 20074, 4413),
(27832, 20075, 4414),
(27833, 20076, 4415),
(27834, 20077, 4416),
(27835, 20078, 4417),
(27836, 20079, 4417),
(27837, 20080, 4418),
(27838, 20081, 4418),
(27839, 20081, 4418),
(27840, 20082, 4419),
(27841, 20083, 4419),
(27842, 20084, 4419),
(27843, 20084, 4419),
(27844, 20085, 4420),
(27845, 20086, 4420),
(27846, 20087, 4420),
(27847, 20088, 4420),
(27848, 20089, 4420),
(27849, 20090, 4420),
(27850, 20090, 4420),
(27851, 20091, 4421),
(27852, 20092, 4421),
(27853, 20093, 4421),
(27854, 20094, 4422),
(27855, 20095, 4422),
(27856, 20096, 4422),
(27857, 20097, 4422),
(27858, 20098, 4422),
(27859, 20098, 4422),
(27860, 20099, 4422),
(27861, 20100, 4422),
(27862, 20101, 4422),
(27863, 20102, 4423),
(27864, 20103, 4424),
(27865, 20104, 4425),
(27866, 20105, 4426),
(27867, 20106, 4426),
(27868, 20107, 4426),
(27869, 20108, 4426),
(27870, 20109, 4426),
(27871, 20110, 4426),
(27872, 20111, 4426),
(27873, 20112, 4426),
(27874, 20112, 4426),
(27875, 20113, 4426),
(27876, 20114, 4426),
(27877, 20115, 4426),
(27878, 20116, 4426),
(27879, 20117, 4426),
(27880, 20118, 4426),
(27881, 20119, 4426),
(27882, 20120, 4427),
(27883, 20121, 4428),
(27884, 20122, 4429),
(27885, 20123, 4429),
(27886, 20124, 4429),
(27887, 20124, 4429),
(27888, 20125, 4429),
(27889, 20126, 4429),
(27890, 20127, 4429),
(27891, 20128, 4429),
(27892, 20129, 4429),
(27893, 20130, 4429),
(27894, 20131, 4429),
(27895, 20132, 4429),
(27896, 20133, 4429),
(27897, 20134, 4429),
(27898, 20135, 4429),
(27899, 20136, 4429),
(27900, 20137, 4429),
(27901, 20138, 4429),
(27902, 20139, 4429),
(27903, 20140, 4429),
(27904, 20141, 4429),
(27905, 20142, 4429),
(27906, 20143, 4429),
(27907, 20144, 4429),
(27908, 20145, 4429),
(27909, 20146, 4429),
(27910, 20147, 4429),
(27911, 20148, 4429),
(27912, 20149, 4429),
(27913, 20150, 4429),
(27914, 20150, 4429),
(27915, 20151, 4429),
(27916, 20152, 4429),
(27917, 20153, 4429),
(27918, 20154, 4429),
(27919, 20155, 4429),
(27920, 20156, 4429),
(27921, 20157, 4429),
(27922, 20158, 4429),
(27923, 20159, 4429),
(27924, 20160, 4429),
(27925, 20161, 4429),
(27926, 20162, 4429),
(27927, 20163, 4429),
(27928, 20164, 4429),
(27929, 20165, 4429),
(27930, 20165, 4429),
(27931, 20166, 4429),
(27932, 20167, 4429),
(27933, 20168, 4429),
(27934, 20169, 4429),
(27935, 20170, 4429),
(27936, 20171, 4429),
(27937, 20172, 4429),
(27938, 20173, 4429),
(27939, 20174, 4429),
(27940, 20175, 4429),
(27941, 20176, 4429),
(27942, 20177, 4429),
(27943, 20178, 4429),
(27944, 20178, 4429),
(27945, 20179, 4429),
(27946, 20180, 4429),
(27947, 20181, 4429),
(27948, 20181, 4429),
(27949, 20182, 4429),
(27950, 20183, 4429),
(27951, 20184, 4429),
(27952, 20185, 4429),
(27953, 20186, 4429),
(27954, 20187, 4429),
(27955, 20188, 4429),
(27956, 20189, 4429),
(27957, 20190, 4429),
(27958, 20191, 4429),
(27959, 20192, 4429),
(27960, 20193, 4429),
(27961, 20194, 4429),
(27962, 20195, 4429),
(27963, 20195, 4429),
(27964, 20195, 4429),
(27965, 20196, 4429),
(27966, 20197, 4429),
(27967, 20198, 4429),
(27968, 20198, 4429),
(27969, 20199, 4429),
(27970, 20199, 4429),
(27971, 20200, 4429),
(27972, 20200, 4429),
(27973, 20201, 4429),
(27974, 20201, 4429),
(27975, 20201, 4429),
(27976, 20201, 4429),
(27977, 20202, 4429),
(27978, 20203, 4429),
(27979, 20204, 4429),
(27980, 20205, 4429),
(27981, 20206, 4429),
(27982, 20207, 4429),
(27983, 20208, 4429),
(27984, 20209, 4429),
(27985, 20210, 4429),
(27986, 20211, 4429),
(27987, 20212, 4429),
(27988, 20213, 4429),
(27989, 20214, 4429),
(27990, 20215, 4429),
(27991, 20215, 4429),
(27992, 20216, 4429),
(27993, 20217, 4429),
(27994, 20218, 4429),
(27995, 20218, 4429),
(27996, 20219, 4429),
(27997, 20220, 4429),
(27998, 20221, 4429),
(27999, 20221, 4429),
(28000, 20222, 4429),
(28001, 20222, 4429),
(28002, 20222, 4429),
(28003, 20223, 4429),
(28004, 20223, 4429),
(28005, 20223, 4429),
(28006, 20223, 4429),
(28007, 20223, 4429),
(28008, 20223, 4429),
(28009, 20223, 4429),
(28010, 20224, 4429),
(28011, 20224, 4429),
(28012, 20225, 4429),
(28013, 20226, 4429),
(28014, 20226, 4429),
(28015, 20226, 4429),
(28016, 20226, 4429),
(28017, 20226, 4429),
(28018, 20226, 4429),
(28019, 20227, 4429),
(28020, 20228, 4429),
(28021, 20229, 4429),
(28022, 20230, 4429),
(28023, 20231, 4429),
(28024, 20232, 4429),
(28025, 20233, 4429),
(28026, 20233, 4429),
(28027, 20233, 4429),
(28028, 20233, 4429),
(28029, 20234, 4429),
(28030, 20234, 4429),
(28031, 20235, 4429),
(28032, 20236, 4429),
(28033, 20237, 4429),
(28034, 20238, 4429),
(28035, 20239, 4429),
(28036, 20240, 4429),
(28037, 20241, 4429),
(28038, 20242, 4429),
(28039, 20243, 4429),
(28040, 20244, 4429),
(28041, 20244, 4429),
(28042, 20244, 4429),
(28043, 20245, 4429),
(28044, 20246, 4429),
(28045, 20246, 4429),
(28046, 20246, 4429),
(28047, 20246, 4429),
(28048, 20247, 4429),
(28049, 20247, 4429),
(28050, 20247, 4429),
(28051, 20247, 4429),
(28052, 20247, 4429),
(28053, 20247, 4429),
(28054, 20248, 4429),
(28055, 20248, 4429),
(28056, 20248, 4429),
(28057, 20249, 4429),
(28058, 20249, 4429),
(28059, 20249, 4429),
(28060, 20249, 4429),
(28061, 20250, 4429),
(28062, 20251, 4429),
(28063, 20251, 4429),
(28064, 20252, 4429),
(28065, 20253, 4429),
(28066, 20254, 4429),
(28067, 20254, 4429),
(28068, 20254, 4429),
(28069, 20255, 4429),
(28070, 20255, 4429),
(28071, 20256, 4429),
(28072, 20256, 4429),
(28073, 20257, 4429),
(28074, 20258, 4429),
(28075, 20259, 4429),
(28076, 20260, 4429),
(28077, 20261, 4429),
(28078, 20262, 4429),
(28079, 20262, 4429),
(28080, 20263, 4429),
(28081, 20263, 4429),
(28082, 20264, 4429),
(28083, 20264, 4429),
(28084, 20264, 4429),
(28085, 20264, 4429),
(28086, 20264, 4429),
(28087, 20264, 4429),
(28088, 20264, 4429),
(28089, 20264, 4429),
(28090, 20265, 4429),
(28091, 20266, 4429),
(28092, 20267, 4429),
(28093, 20268, 4429),
(28094, 20269, 4429),
(28095, 20270, 4429),
(28096, 20271, 4429),
(28097, 20272, 4429),
(28098, 20273, 4429),
(28099, 20274, 4429),
(28100, 20274, 4429),
(28101, 20274, 4429),
(28102, 20275, 4429),
(28103, 20276, 4429),
(28104, 20277, 4429),
(28105, 20278, 4429),
(28106, 20279, 4429),
(28107, 20279, 4429),
(28108, 20280, 4429),
(28109, 20281, 4429),
(28110, 20282, 4429),
(28111, 20283, 4429),
(28112, 20284, 4429),
(28113, 20284, 4429),
(28114, 20285, 4429),
(28115, 20286, 4429),
(28116, 20287, 4429),
(28117, 20288, 4429),
(28118, 20288, 4429),
(28119, 20288, 4429),
(28120, 20288, 4429),
(28121, 20289, 4429),
(28122, 20289, 4429),
(28123, 20289, 4429),
(28124, 20289, 4429),
(28125, 20290, 4429),
(28126, 20291, 4429),
(28127, 20292, 4429),
(28128, 20292, 4429),
(28129, 20293, 4429),
(28130, 20293, 4429),
(28131, 20293, 4429),
(28132, 20294, 4429),
(28133, 20295, 4429),
(28134, 20295, 4429),
(28135, 20296, 4430),
(28136, 20297, 4431),
(28137, 20297, 4432),
(28138, 20297, 4432),
(28139, 20298, 4433),
(28140, 20299, 4433),
(28141, 20300, 4434),
(28142, 20301, 4435),
(28143, 20302, 4436),
(28144, 20302, 4437),
(28145, 20303, 4438),
(28146, 20304, 4439),
(28147, 20304, 4439),
(28148, 20304, 4439),
(28149, 20304, 4439),
(28150, 20304, 4439),
(28151, 20305, 4440),
(28152, 20306, 4441),
(28153, 20306, 4441),
(28154, 20307, 4441),
(28155, 20308, 4441),
(28156, 20309, 4441),
(28157, 20310, 4441),
(28158, 20311, 4441),
(28159, 20312, 4441),
(28160, 20312, 4441),
(28161, 20313, 4441),
(28162, 20314, 4441),
(28163, 20315, 4441),
(28164, 20316, 4442),
(28165, 20317, 4442),
(28166, 20318, 4443),
(28167, 20319, 4443),
(28168, 20319, 4443),
(28169, 20319, 4443),
(28170, 20320, 4444),
(28171, 20321, 4444),
(28172, 20322, 4444),
(28173, 20322, 4444),
(28174, 20323, 4444),
(28175, 20323, 4444),
(28176, 20324, 4444),
(28177, 20325, 4444),
(28178, 20326, 4444),
(28179, 20326, 4444),
(28180, 20326, 4445),
(28181, 20327, 4445),
(28182, 20327, 4445),
(28183, 20328, 4445),
(28184, 20329, 4445),
(28185, 20330, 4445),
(28186, 20331, 4445),
(28187, 20331, 4445),
(28188, 20331, 4445),
(28189, 20332, 4445),
(28190, 20332, 4445),
(28191, 20333, 4445),
(28192, 20333, 4445),
(28193, 20334, 4446),
(28194, 20335, 4446),
(28195, 20336, 4446),
(28196, 20337, 4446),
(28197, 20338, 4446),
(28198, 20339, 4446),
(28199, 20340, 4446),
(28200, 20341, 4446),
(28201, 20341, 4446),
(28202, 20342, 4446),
(28203, 20343, 4446),
(28204, 20343, 4446),
(28205, 20344, 4446),
(28206, 20345, 4446),
(28207, 20346, 4446),
(28208, 20347, 4446),
(28209, 20348, 4446),
(28210, 20348, 4446),
(28211, 20349, 4446),
(28212, 20350, 4446),
(28213, 20351, 4446),
(28214, 20352, 4446),
(28215, 20353, 4446),
(28216, 20354, 4446),
(28217, 20355, 4446),
(28218, 20356, 4446),
(28219, 20357, 4446),
(28220, 20358, 4446),
(28221, 20358, 4446),
(28222, 20359, 4446),
(28223, 20360, 4446),
(28224, 20360, 4446),
(28225, 20360, 4446),
(28226, 20361, 4446),
(28227, 20362, 4446),
(28228, 20363, 4446),
(28229, 20364, 4446),
(28230, 20365, 4446),
(28231, 20366, 4446),
(28232, 20367, 4446),
(28233, 20368, 4446),
(28234, 20369, 4446),
(28235, 20369, 4446),
(28236, 20370, 4446),
(28237, 20370, 4446),
(28238, 20371, 4446),
(28239, 20372, 4447),
(28240, 20373, 4448),
(28241, 20374, 4449),
(28242, 20374, 4450),
(28243, 20375, 4450),
(28244, 20375, 4450),
(28245, 20376, 4451),
(28246, 20377, 4451),
(28247, 20377, 4451),
(28248, 20378, 4451),
(28249, 20378, 4451),
(28250, 20378, 4451),
(28251, 20379, 4451),
(28252, 20380, 4451),
(28253, 20381, 4451),
(28254, 20382, 4451),
(28255, 20383, 4451),
(28256, 20384, 4451),
(28257, 20384, 4451),
(28258, 20384, 4451),
(28259, 20385, 4451),
(28260, 20386, 4451),
(28261, 20387, 4451),
(28262, 20388, 4451),
(28263, 20388, 4451),
(28264, 20389, 4451),
(28265, 20389, 4451),
(28266, 20389, 4451),
(28267, 20389, 4451),
(28268, 20389, 4451),
(28269, 20390, 4451),
(28270, 20391, 4451),
(28271, 20391, 4451),
(28272, 20392, 4451),
(28273, 20393, 4451),
(28274, 20394, 4451),
(28275, 20395, 4451),
(28276, 20396, 4451),
(28277, 20396, 4451),
(28278, 20396, 4451),
(28279, 20396, 4451),
(28280, 20396, 4451),
(28281, 20396, 4451),
(28282, 20397, 4451),
(28283, 20398, 4451),
(28284, 20398, 4451),
(28285, 20399, 4451),
(28286, 20400, 4451),
(28287, 20400, 4451),
(28288, 20400, 4451),
(28289, 20400, 4451),
(28290, 20400, 4452),
(28291, 20401, 4452),
(28292, 20402, 4452),
(28293, 20403, 4453),
(28294, 20403, 4453),
(28295, 20404, 4453),
(28296, 20405, 4453),
(28297, 20406, 4453),
(28298, 20406, 4453),
(28299, 20407, 4453),
(28300, 20408, 4453),
(28301, 20409, 4453),
(28302, 20410, 4453),
(28303, 20411, 4453),
(28304, 20411, 4453),
(28305, 20412, 4453),
(28306, 20413, 4453),
(28307, 20414, 4453),
(28308, 20415, 4453),
(28309, 20416, 4453),
(28310, 20417, 4453),
(28311, 20418, 4453),
(28312, 20418, 4453),
(28313, 20418, 4453),
(28314, 20419, 4453),
(28315, 20420, 4453),
(28316, 20420, 4453),
(28317, 20421, 4453),
(28318, 20421, 4453),
(28319, 20421, 4453),
(28320, 20421, 4453),
(28321, 20421, 4453),
(28322, 20421, 4453),
(28323, 20421, 4453),
(28324, 20421, 4453),
(28325, 20421, 4453),
(28326, 20421, 4453),
(28327, 20422, 4453),
(28328, 20422, 4453),
(28329, 20422, 4453),
(28330, 20423, 4453),
(28331, 20424, 4453),
(28332, 20424, 4453),
(28333, 20424, 4453),
(28334, 20424, 4453),
(28335, 20424, 4453),
(28336, 20425, 4453),
(28337, 20425, 4453),
(28338, 20425, 4453),
(28339, 20425, 4453),
(28340, 20426, 4453),
(28341, 20427, 4453),
(28342, 20427, 4453),
(28343, 20427, 4454),
(28344, 20428, 4455),
(28345, 20428, 4456),
(28346, 20428, 4456),
(28347, 20428, 4457),
(28348, 20429, 4457),
(28349, 20430, 4458),
(28350, 20430, 4459),
(28351, 20430, 4460),
(28352, 20431, 4460),
(28353, 20432, 4461),
(28354, 20433, 4461),
(28355, 20433, 4461),
(28356, 20434, 4461),
(28357, 20434, 4461),
(28358, 20434, 4461),
(28359, 20434, 4461),
(28360, 20435, 4461),
(28361, 20436, 4461),
(28362, 20437, 4461),
(28363, 20437, 4461),
(28364, 20438, 4462),
(28365, 20438, 4462),
(28366, 20439, 4462),
(28367, 20439, 4462),
(28368, 20439, 4462),
(28369, 20440, 4462),
(28370, 20440, 4462),
(28371, 20441, 4463),
(28372, 20442, 4463),
(28373, 20443, 4463),
(28374, 20443, 4463),
(28375, 20444, 4463),
(28376, 20444, 4463),
(28377, 20444, 4463),
(28378, 20445, 4463),
(28379, 20445, 4464),
(28380, 20446, 4465),
(28381, 20447, 4466),
(28382, 20448, 4466),
(28383, 20449, 4466),
(28384, 20449, 4466),
(28385, 20450, 4466),
(28386, 20451, 4466),
(28387, 20452, 4466),
(28388, 20452, 4466),
(28389, 20452, 4466),
(28390, 20452, 4466),
(28391, 20453, 4466),
(28392, 20454, 4466),
(28393, 20454, 4466),
(28394, 20455, 4466),
(28395, 20456, 4466),
(28396, 20456, 4466),
(28397, 20456, 4466),
(28398, 20456, 4466),
(28399, 20456, 4466),
(28400, 20457, 4466),
(28401, 20458, 4466),
(28402, 20458, 4466),
(28403, 20459, 4466),
(28404, 20460, 4466),
(28405, 20461, 4466),
(28406, 20462, 4466),
(28407, 20463, 4466),
(28408, 20464, 4466),
(28409, 20465, 4466),
(28410, 20466, 4466),
(28411, 20467, 4466),
(28412, 20468, 4466),
(28413, 20469, 4466),
(28414, 20470, 4466),
(28415, 20470, 4466),
(28416, 20470, 4466),
(28417, 20470, 4466),
(28418, 20471, 4466),
(28419, 20472, 4466),
(28420, 20473, 4466),
(28421, 20474, 4466),
(28422, 20474, 4466),
(28423, 20475, 4466),
(28424, 20476, 4466),
(28425, 20476, 4466),
(28426, 20476, 4466),
(28427, 20476, 4467),
(28428, 20476, 4468),
(28429, 20477, 4469),
(28430, 20477, 4469),
(28431, 20478, 4469),
(28432, 20478, 4469),
(28433, 20479, 4469),
(28434, 20480, 4469),
(28435, 20481, 4469),
(28436, 20481, 4469),
(28437, 20481, 4469),
(28438, 20482, 4469),
(28439, 20483, 4469),
(28440, 20483, 4469),
(28441, 20484, 4469),
(28442, 20485, 4469),
(28443, 20486, 4469),
(28444, 20487, 4469),
(28445, 20488, 4469),
(28446, 20489, 4469),
(28447, 20489, 4469),
(28448, 20489, 4469),
(28449, 20490, 4469),
(28450, 20491, 4469),
(28451, 20492, 4469),
(28452, 20493, 4469),
(28453, 20494, 4469),
(28454, 20494, 4469),
(28455, 20495, 4469),
(28456, 20495, 4469),
(28457, 20496, 4469),
(28458, 20496, 4469),
(28459, 20496, 4469),
(28460, 20496, 4469),
(28461, 20497, 4469),
(28462, 20498, 4469),
(28463, 20499, 4469),
(28464, 20500, 4469),
(28465, 20500, 4469),
(28466, 20501, 4469),
(28467, 20501, 4469),
(28468, 20502, 4469),
(28469, 20502, 4469),
(28470, 20503, 4469),
(28471, 20503, 4469),
(28472, 20503, 4469),
(28473, 20504, 4469),
(28474, 20505, 4469),
(28475, 20506, 4469),
(28476, 20507, 4469),
(28477, 20507, 4469),
(28478, 20508, 4469),
(28479, 20509, 4469),
(28480, 20510, 4469),
(28481, 20511, 4469),
(28482, 20512, 4469),
(28483, 20513, 4469),
(28484, 20514, 4469),
(28485, 20515, 4469),
(28486, 20516, 4469),
(28487, 20516, 4469),
(28488, 20517, 4469),
(28489, 20518, 4469),
(28490, 20519, 4469),
(28491, 20520, 4469),
(28492, 20521, 4469),
(28493, 20522, 4469),
(28494, 20523, 4469),
(28495, 20524, 4469),
(28496, 20525, 4469),
(28497, 20526, 4469),
(28498, 20527, 4469),
(28499, 20528, 4469),
(28500, 20528, 4469),
(28501, 20529, 4469),
(28502, 20530, 4469),
(28503, 20531, 4469),
(28504, 20532, 4469),
(28505, 20532, 4469),
(28506, 20532, 4469),
(28507, 20532, 4469),
(28508, 20533, 4469),
(28509, 20534, 4469),
(28510, 20534, 4469),
(28511, 20534, 4469),
(28512, 20535, 4469),
(28513, 20536, 4469),
(28514, 20536, 4469),
(28515, 20537, 4469),
(28516, 20538, 4469),
(28517, 20538, 4469),
(28518, 20539, 4469),
(28519, 20540, 4469),
(28520, 20540, 4469),
(28521, 20540, 4469),
(28522, 20541, 4469),
(28523, 20542, 4469),
(28524, 20543, 4469),
(28525, 20544, 4469),
(28526, 20545, 4469),
(28527, 20545, 4469),
(28528, 20545, 4469),
(28529, 20546, 4469),
(28530, 20547, 4469),
(28531, 20548, 4469),
(28532, 20549, 4469),
(28533, 20550, 4469),
(28534, 20551, 4469),
(28535, 20551, 4469),
(28536, 20552, 4469),
(28537, 20553, 4469),
(28538, 20553, 4469),
(28539, 20554, 4469),
(28540, 20555, 4469),
(28541, 20556, 4469),
(28542, 20557, 4469),
(28543, 20557, 4469),
(28544, 20557, 4469),
(28545, 20557, 4469),
(28546, 20558, 4469),
(28547, 20559, 4469),
(28548, 20560, 4469),
(28549, 20561, 4469),
(28550, 20562, 4469),
(28551, 20563, 4469),
(28552, 20563, 4469),
(28553, 20563, 4469),
(28554, 20564, 4469),
(28555, 20565, 4469),
(28556, 20566, 4469),
(28557, 20567, 4469),
(28558, 20568, 4469),
(28559, 20569, 4469),
(28560, 20569, 4469),
(28561, 20570, 4469),
(28562, 20571, 4469),
(28563, 20572, 4469),
(28564, 20573, 4469),
(28565, 20574, 4469),
(28566, 20575, 4469),
(28567, 20576, 4469),
(28568, 20576, 4469),
(28569, 20577, 4469),
(28570, 20578, 4469),
(28571, 20579, 4469),
(28572, 20580, 4469),
(28573, 20581, 4469),
(28574, 20582, 4469),
(28575, 20582, 4469),
(28576, 20582, 4469),
(28577, 20583, 4469),
(28578, 20583, 4469),
(28579, 20584, 4469),
(28580, 20585, 4469),
(28581, 20585, 4469),
(28582, 20586, 4469),
(28583, 20587, 4469),
(28584, 20588, 4469),
(28585, 20589, 4469),
(28586, 20590, 4469),
(28587, 20591, 4469),
(28588, 20592, 4469),
(28589, 20592, 4469),
(28590, 20593, 4469),
(28591, 20594, 4469),
(28592, 20595, 4469),
(28593, 20595, 4469),
(28594, 20595, 4469),
(28595, 20595, 4469),
(28596, 20595, 4469),
(28597, 20595, 4469),
(28598, 20595, 4469),
(28599, 20595, 4469),
(28600, 20596, 4469),
(28601, 20596, 4469),
(28602, 20597, 4469),
(28603, 20597, 4469),
(28604, 20598, 4469),
(28605, 20599, 4469),
(28606, 20600, 4469),
(28607, 20601, 4469),
(28608, 20602, 4469),
(28609, 20603, 4469),
(28610, 20604, 4469),
(28611, 20605, 4469),
(28612, 20606, 4469),
(28613, 20607, 4469),
(28614, 20608, 4469),
(28615, 20609, 4469),
(28616, 20609, 4469),
(28617, 20610, 4469),
(28618, 20611, 4469),
(28619, 20611, 4469),
(28620, 20612, 4469),
(28621, 20612, 4469),
(28622, 20612, 4469),
(28623, 20612, 4469),
(28624, 20612, 4469),
(28625, 20612, 4469),
(28626, 20612, 4469),
(28627, 20612, 4469),
(28628, 20612, 4469),
(28629, 20612, 4469),
(28630, 20613, 4469),
(28631, 20614, 4469),
(28632, 20615, 4469),
(28633, 20616, 4469),
(28634, 20617, 4469),
(28635, 20617, 4469),
(28636, 20617, 4469),
(28637, 20618, 4469),
(28638, 20618, 4469),
(28639, 20619, 4469),
(28640, 20619, 4469),
(28641, 20620, 4469),
(28642, 20621, 4469),
(28643, 20622, 4469),
(28644, 20622, 4469),
(28645, 20622, 4469),
(28646, 20622, 4469),
(28647, 20622, 4469),
(28648, 20622, 4469),
(28649, 20622, 4469),
(28650, 20623, 4469),
(28651, 20623, 4469),
(28652, 20624, 4469),
(28653, 20625, 4469),
(28654, 20626, 4469),
(28655, 20627, 4469),
(28656, 20628, 4469),
(28657, 20629, 4469),
(28658, 20629, 4469),
(28659, 20630, 4469),
(28660, 20630, 4469),
(28661, 20631, 4469),
(28662, 20632, 4469),
(28663, 20632, 4469),
(28664, 20633, 4469),
(28665, 20634, 4469),
(28666, 20635, 4469),
(28667, 20636, 4469),
(28668, 20636, 4469),
(28669, 20636, 4469),
(28670, 20637, 4469),
(28671, 20638, 4469),
(28672, 20639, 4469),
(28673, 20640, 4469),
(28674, 20641, 4469),
(28675, 20642, 4469),
(28676, 20642, 4469),
(28677, 20643, 4469),
(28678, 20644, 4469),
(28679, 20644, 4469),
(28680, 20644, 4469),
(28681, 20644, 4469),
(28682, 20645, 4469),
(28683, 20645, 4469),
(28684, 20646, 4469),
(28685, 20647, 4469),
(28686, 20648, 4469),
(28687, 20649, 4469),
(28688, 20650, 4469),
(28689, 20651, 4469),
(28690, 20651, 4469),
(28691, 20651, 4469),
(28692, 20651, 4469),
(28693, 20651, 4469),
(28694, 20651, 4469),
(28695, 20651, 4469),
(28696, 20651, 4469),
(28697, 20651, 4469),
(28698, 20651, 4469),
(28699, 20651, 4469),
(28700, 20651, 4469),
(28701, 20651, 4469),
(28702, 20651, 4469),
(28703, 20651, 4469),
(28704, 20651, 4469),
(28705, 20652, 4469),
(28706, 20652, 4469),
(28707, 20652, 4469),
(28708, 20652, 4469),
(28709, 20653, 4469),
(28710, 20654, 4469),
(28711, 20654, 4469),
(28712, 20654, 4469),
(28713, 20655, 4469),
(28714, 20656, 4469),
(28715, 20656, 4469),
(28716, 20657, 4469),
(28717, 20658, 4469),
(28718, 20658, 4469),
(28719, 20658, 4469),
(28720, 20659, 4469),
(28721, 20659, 4469),
(28722, 20660, 4469),
(28723, 20661, 4469),
(28724, 20661, 4469),
(28725, 20662, 4469),
(28726, 20663, 4469),
(28727, 20663, 4469),
(28728, 20663, 4469),
(28729, 20663, 4469),
(28730, 20664, 4469),
(28731, 20664, 4469),
(28732, 20665, 4469),
(28733, 20666, 4469),
(28734, 20666, 4469),
(28735, 20667, 4469),
(28736, 20668, 4469),
(28737, 20668, 4469),
(28738, 20668, 4469),
(28739, 20669, 4469),
(28740, 20670, 4469),
(28741, 20671, 4469),
(28742, 20671, 4469),
(28743, 20672, 4469),
(28744, 20672, 4469),
(28745, 20672, 4469),
(28746, 20673, 4469),
(28747, 20674, 4469),
(28748, 20675, 4469),
(28749, 20675, 4469),
(28750, 20675, 4469),
(28751, 20676, 4469),
(28752, 20676, 4469),
(28753, 20676, 4469),
(28754, 20676, 4469),
(28755, 20676, 4469),
(28756, 20676, 4469),
(28757, 20676, 4469),
(28758, 20676, 4469),
(28759, 20676, 4469),
(28760, 20676, 4469),
(28761, 20676, 4469),
(28762, 20676, 4469),
(28763, 20676, 4469),
(28764, 20676, 4469),
(28765, 20676, 4469),
(28766, 20676, 4469),
(28767, 20676, 4469),
(28768, 20676, 4469),
(28769, 20677, 4469),
(28770, 20678, 4469),
(28771, 20679, 4469),
(28772, 20680, 4469),
(28773, 20681, 4469),
(28774, 20682, 4469),
(28775, 20683, 4469),
(28776, 20684, 4469),
(28777, 20684, 4469),
(28778, 20685, 4469),
(28779, 20686, 4469),
(28780, 20687, 4469),
(28781, 20688, 4469),
(28782, 20689, 4469),
(28783, 20689, 4469),
(28784, 20690, 4469),
(28785, 20691, 4469),
(28786, 20692, 4469),
(28787, 20692, 4469),
(28788, 20693, 4469),
(28789, 20694, 4469),
(28790, 20695, 4469),
(28791, 20696, 4469),
(28792, 20697, 4469),
(28793, 20698, 4469),
(28794, 20699, 4469),
(28795, 20699, 4469),
(28796, 20700, 4469),
(28797, 20700, 4469),
(28798, 20700, 4469),
(28799, 20701, 4469),
(28800, 20702, 4469),
(28801, 20703, 4469),
(28802, 20704, 4469),
(28803, 20705, 4469),
(28804, 20705, 4469),
(28805, 20705, 4469),
(28806, 20705, 4469),
(28807, 20706, 4469),
(28808, 20707, 4469),
(28809, 20708, 4469),
(28810, 20709, 4469),
(28811, 20710, 4469),
(28812, 20711, 4469),
(28813, 20712, 4469),
(28814, 20713, 4469),
(28815, 20713, 4469),
(28816, 20713, 4469),
(28817, 20714, 4469),
(28818, 20715, 4469),
(28819, 20715, 4469),
(28820, 20715, 4469),
(28821, 20715, 4469),
(28822, 20715, 4469),
(28823, 20715, 4469),
(28824, 20716, 4469),
(28825, 20717, 4469),
(28826, 20718, 4469),
(28827, 20719, 4469),
(28828, 20719, 4469),
(28829, 20719, 4469),
(28830, 20720, 4469),
(28831, 20721, 4469),
(28832, 20722, 4469),
(28833, 20722, 4469),
(28834, 20723, 4469),
(28835, 20723, 4469),
(28836, 20724, 4469),
(28837, 20725, 4469),
(28838, 20726, 4469),
(28839, 20726, 4469),
(28840, 20726, 4469),
(28841, 20727, 4469),
(28842, 20728, 4469),
(28843, 20729, 4469),
(28844, 20729, 4470),
(28845, 20729, 4470),
(28846, 20729, 4471),
(28847, 20729, 4471),
(28848, 20729, 4471),
(28849, 20729, 4471),
(28850, 20729, 4471),
(28851, 20729, 4471),
(28852, 20730, 4472),
(28853, 20730, 4473),
(28854, 20731, 4473),
(28855, 20731, 4474),
(28856, 20731, 4474),
(28857, 20732, 4475),
(28858, 20733, 4476),
(28859, 20733, 4476),
(28860, 20733, 4477),
(28861, 20734, 4477),
(28862, 20735, 4477),
(28863, 20736, 4477),
(28864, 20736, 4477),
(28865, 20737, 4477),
(28866, 20738, 4477),
(28867, 20738, 4477),
(28868, 20738, 4477),
(28869, 20738, 4477),
(28870, 20739, 4477),
(28871, 20740, 4477),
(28872, 20741, 4477),
(28873, 20741, 4477),
(28874, 20741, 4477),
(28875, 20742, 4477),
(28876, 20742, 4478),
(28877, 20742, 4478),
(28878, 20743, 4478),
(28879, 20744, 4478),
(28880, 20744, 4478),
(28881, 20744, 4478),
(28882, 20744, 4478),
(28883, 20744, 4478),
(28884, 20745, 4479),
(28885, 20746, 4479),
(28886, 20747, 4479),
(28887, 20748, 4479),
(28888, 20748, 4479),
(28889, 20748, 4479),
(28890, 20749, 4479),
(28891, 20749, 4479),
(28892, 20749, 4479),
(28893, 20750, 4479),
(28894, 20750, 4479),
(28895, 20750, 4479),
(28896, 20751, 4480),
(28897, 20751, 4480),
(28898, 20751, 4481),
(28899, 20752, 4481),
(28900, 20753, 4481),
(28901, 20754, 4481),
(28902, 20755, 4481),
(28903, 20755, 4481),
(28904, 20755, 4481),
(28905, 20755, 4481),
(28906, 20756, 4481),
(28907, 20756, 4481),
(28908, 20757, 4481),
(28909, 20758, 4481),
(28910, 20758, 4481),
(28911, 20759, 4481),
(28912, 20759, 4481),
(28913, 20759, 4481),
(28914, 20759, 4481),
(28915, 20760, 4481),
(28916, 20761, 4481),
(28917, 20762, 4481),
(28918, 20762, 4481),
(28919, 20763, 4481),
(28920, 20763, 4481),
(28921, 20763, 4481),
(28922, 20763, 4481),
(28923, 20763, 4481),
(28924, 20764, 4481),
(28925, 20764, 4481),
(28926, 20765, 4481),
(28927, 20765, 4481),
(28928, 20765, 4481),
(28929, 20765, 4481),
(28930, 20766, 4481),
(28931, 20766, 4481),
(28932, 20766, 4481),
(28933, 20766, 4481),
(28934, 20766, 4481),
(28935, 20767, 4481),
(28936, 20767, 4481),
(28937, 20768, 4481),
(28938, 20768, 4481),
(28939, 20768, 4481),
(28940, 20768, 4481),
(28941, 20769, 4482),
(28942, 20769, 4482),
(28943, 20769, 4483),
(28944, 20770, 4483),
(28945, 20770, 4483),
(28946, 20771, 4484),
(28947, 20771, 4485),
(28948, 20771, 4485),
(28949, 20772, 4486),
(28950, 20773, 4486),
(28951, 20774, 4486),
(28952, 20774, 4486),
(28953, 20774, 4486),
(28954, 20774, 4486),
(28955, 20774, 4486),
(28956, 20775, 4486),
(28957, 20775, 4486),
(28958, 20775, 4486),
(28959, 20775, 4486),
(28960, 20775, 4486),
(28961, 20776, 4486),
(28962, 20776, 4486),
(28963, 20776, 4486),
(28964, 20776, 4486),
(28965, 20776, 4486),
(28966, 20777, 4486),
(28967, 20777, 4486),
(28968, 20777, 4486),
(28969, 20777, 4486),
(28970, 20778, 4486),
(28971, 20778, 4486),
(28972, 20778, 4486),
(28973, 20778, 4486),
(28974, 20778, 4486),
(28975, 20778, 4486),
(28976, 20779, 4486),
(28977, 20780, 4486),
(28978, 20780, 4486),
(28979, 20781, 4486),
(28980, 20781, 4486),
(28981, 20781, 4486),
(28982, 20781, 4486),
(28983, 20781, 4486),
(28984, 20782, 4486),
(28985, 20783, 4486),
(28986, 20783, 4486),
(28987, 20784, 4486),
(28988, 20785, 4486),
(28989, 20785, 4486),
(28990, 20785, 4486),
(28991, 20786, 4486),
(28992, 20787, 4486),
(28993, 20788, 4486),
(28994, 20789, 4486),
(28995, 20789, 4486),
(28996, 20790, 4487),
(28997, 20790, 4487),
(28998, 20790, 4487),
(28999, 20791, 4487),
(29000, 20792, 4487),
(29001, 20793, 4488),
(29002, 20793, 4489),
(29003, 20793, 4489),
(29004, 20794, 4489),
(29005, 20794, 4489),
(29006, 20795, 4489),
(29007, 20795, 4489),
(29008, 20795, 4489),
(29009, 20796, 4489),
(29010, 20797, 4489),
(29011, 20797, 4489),
(29012, 20798, 4489),
(29013, 20798, 4489),
(29014, 20798, 4489),
(29015, 20799, 4489),
(29016, 20799, 4489),
(29017, 20799, 4489),
(29018, 20799, 4489),
(29019, 20799, 4489),
(29020, 20800, 4489),
(29021, 20800, 4489),
(29022, 20801, 4489),
(29023, 20801, 4489),
(29024, 20802, 4489),
(29025, 20802, 4489),
(29026, 20803, 4489),
(29027, 20803, 4489),
(29028, 20803, 4489),
(29029, 20803, 4489),
(29030, 20804, 4489),
(29031, 20805, 4489),
(29032, 20805, 4489),
(29033, 20806, 4489),
(29034, 20807, 4489),
(29035, 20807, 4489),
(29036, 20808, 4489),
(29037, 20808, 4489),
(29038, 20808, 4489),
(29039, 20809, 4489),
(29040, 20810, 4489),
(29041, 20810, 4489),
(29042, 20811, 4489),
(29043, 20811, 4489),
(29044, 20811, 4489),
(29045, 20811, 4489),
(29046, 20812, 4490),
(29047, 20812, 4490),
(29048, 20812, 4491),
(29049, 20812, 4492),
(29050, 20812, 4492),
(29051, 20813, 4493),
(29052, 20813, 4494),
(29053, 20813, 4494),
(29054, 20814, 4495),
(29055, 20815, 4495),
(29056, 20816, 4495),
(29057, 20817, 4495),
(29058, 20817, 4496),
(29059, 20817, 4496),
(29060, 20817, 4496),
(29061, 20817, 4497),
(29062, 20817, 4498),
(29063, 20818, 4498),
(29064, 20818, 4498),
(29065, 20818, 4498),
(29066, 20818, 4498),
(29067, 20819, 4499),
(29068, 20819, 4499),
(29069, 20820, 4499),
(29070, 20821, 4499),
(29071, 20821, 4499),
(29072, 20822, 4499),
(29073, 20823, 4499),
(29074, 20824, 4499),
(29075, 20825, 4499),
(29076, 20825, 4499),
(29077, 20825, 4499),
(29078, 20826, 4499),
(29079, 20827, 4499),
(29080, 20827, 4499),
(29081, 20828, 4499),
(29082, 20828, 4499),
(29083, 20828, 4500),
(29084, 20829, 4500),
(29085, 20829, 4500),
(29086, 20829, 4500),
(29087, 20829, 4500),
(29088, 20830, 4501),
(29089, 20831, 4501),
(29090, 20831, 4501),
(29091, 20832, 4501),
(29092, 20832, 4501),
(29093, 20833, 4501),
(29094, 20833, 4501),
(29095, 20834, 4501),
(29096, 20835, 4501),
(29097, 20835, 4501),
(29098, 20835, 4501),
(29099, 20835, 4501),
(29100, 20835, 4502),
(29101, 20836, 4503),
(29102, 20837, 4504),
(29103, 20837, 4505),
(29104, 20838, 4505),
(29105, 20839, 4505),
(29106, 20840, 4505),
(29107, 20840, 4505),
(29108, 20840, 4505),
(29109, 20840, 4505),
(29110, 20841, 4505),
(29111, 20841, 4505),
(29112, 20842, 4505),
(29113, 20843, 4505),
(29114, 20843, 4505),
(29115, 20843, 4505),
(29116, 20844, 4505),
(29117, 20844, 4505),
(29118, 20845, 4505),
(29119, 20845, 4505),
(29120, 20846, 4505),
(29121, 20847, 4505),
(29122, 20848, 4505),
(29123, 20849, 4505),
(29124, 20850, 4505),
(29125, 20851, 4505),
(29126, 20852, 4505),
(29127, 20852, 4505),
(29128, 20852, 4505),
(29129, 20852, 4505),
(29130, 20853, 4505),
(29131, 20853, 4505),
(29132, 20853, 4505),
(29133, 20854, 4505),
(29134, 20854, 4505),
(29135, 20854, 4505),
(29136, 20854, 4505),
(29137, 20855, 4505),
(29138, 20855, 4505),
(29139, 20856, 4505),
(29140, 20856, 4505),
(29141, 20857, 4505),
(29142, 20857, 4505),
(29143, 20857, 4505),
(29144, 20857, 4505),
(29145, 20857, 4505),
(29146, 20857, 4505),
(29147, 20858, 4506),
(29148, 20858, 4506),
(29149, 20859, 4506),
(29150, 20860, 4506),
(29151, 20861, 4506),
(29152, 20861, 4506),
(29153, 20862, 4506),
(29154, 20862, 4506),
(29155, 20862, 4506),
(29156, 20863, 4506),
(29157, 20863, 4506),
(29158, 20864, 4506),
(29159, 20864, 4506),
(29160, 20864, 4506),
(29161, 20864, 4506),
(29162, 20864, 4506),
(29163, 20864, 4506),
(29164, 20865, 4506),
(29165, 20866, 4506),
(29166, 20866, 4506),
(29167, 20867, 4506),
(29168, 20867, 4506),
(29169, 20867, 4506),
(29170, 20868, 4506),
(29171, 20868, 4506),
(29172, 20868, 4506),
(29173, 20869, 4506),
(29174, 20870, 4506),
(29175, 20871, 4506),
(29176, 20871, 4506),
(29177, 20872, 4506),
(29178, 20872, 4506),
(29179, 20872, 4506),
(29180, 20873, 4506),
(29181, 20874, 4506),
(29182, 20875, 4506),
(29183, 20875, 4506),
(29184, 20876, 4506),
(29185, 20877, 4506),
(29186, 20877, 4506),
(29187, 20878, 4506),
(29188, 20879, 4506),
(29189, 20880, 4506),
(29190, 20881, 4506),
(29191, 20881, 4506),
(29192, 20882, 4506),
(29193, 20883, 4506),
(29194, 20884, 4506),
(29195, 20884, 4506),
(29196, 20884, 4506),
(29197, 20884, 4506),
(29198, 20884, 4506),
(29199, 20884, 4506),
(29200, 20885, 4506),
(29201, 20886, 4506),
(29202, 20886, 4506),
(29203, 20887, 4506),
(29204, 20888, 4506),
(29205, 20889, 4506),
(29206, 20889, 4506),
(29207, 20890, 4506),
(29208, 20890, 4506),
(29209, 20890, 4506),
(29210, 20891, 4506),
(29211, 20892, 4506),
(29212, 20893, 4506),
(29213, 20893, 4506),
(29214, 20893, 4506),
(29215, 20894, 4506),
(29216, 20895, 4506),
(29217, 20896, 4506),
(29218, 20897, 4506),
(29219, 20897, 4506),
(29220, 20897, 4506),
(29221, 20897, 4506),
(29222, 20898, 4506),
(29223, 20898, 4506),
(29224, 20899, 4506),
(29225, 20899, 4506),
(29226, 20899, 4506),
(29227, 20899, 4506),
(29228, 20899, 4506),
(29229, 20899, 4506),
(29230, 20899, 4506),
(29231, 20900, 4506),
(29232, 20900, 4506),
(29233, 20901, 4506),
(29234, 20902, 4506),
(29235, 20902, 4506),
(29236, 20902, 4506),
(29237, 20902, 4506),
(29238, 20902, 4506),
(29239, 20903, 4506),
(29240, 20903, 4506),
(29241, 20903, 4506),
(29242, 20903, 4506),
(29243, 20903, 4506),
(29244, 20903, 4506),
(29245, 20903, 4506),
(29246, 20903, 4506),
(29247, 20904, 4506),
(29248, 20904, 4506),
(29249, 20904, 4506),
(29250, 20905, 4506),
(29251, 20906, 4506),
(29252, 20907, 4506),
(29253, 20908, 4506),
(29254, 20908, 4506),
(29255, 20908, 4506),
(29256, 20909, 4506),
(29257, 20909, 4506),
(29258, 20909, 4506),
(29259, 20910, 4506),
(29260, 20910, 4506),
(29261, 20911, 4506),
(29262, 20912, 4506),
(29263, 20913, 4506),
(29264, 20913, 4506),
(29265, 20913, 4506),
(29266, 20914, 4506),
(29267, 20915, 4506),
(29268, 20916, 4506),
(29269, 20917, 4506),
(29270, 20918, 4506),
(29271, 20919, 4506),
(29272, 20920, 4506),
(29273, 20921, 4506),
(29274, 20922, 4506),
(29275, 20923, 4506),
(29276, 20923, 4506),
(29277, 20923, 4506),
(29278, 20923, 4506),
(29279, 20924, 4506),
(29280, 20925, 4506),
(29281, 20925, 4506),
(29282, 20926, 4506),
(29283, 20926, 4506),
(29284, 20927, 4506),
(29285, 20927, 4506),
(29286, 20928, 4506),
(29287, 20928, 4506),
(29288, 20928, 4506),
(29289, 20929, 4506),
(29290, 20929, 4506),
(29291, 20929, 4506),
(29292, 20929, 4506),
(29293, 20929, 4506),
(29294, 20929, 4506),
(29295, 20930, 4506),
(29296, 20931, 4506),
(29297, 20931, 4506),
(29298, 20932, 4506),
(29299, 20932, 4506),
(29300, 20932, 4506),
(29301, 20932, 4506),
(29302, 20932, 4506),
(29303, 20933, 4506),
(29304, 20933, 4506),
(29305, 20934, 4506),
(29306, 20934, 4506),
(29307, 20934, 4506),
(29308, 20935, 4506),
(29309, 20936, 4506),
(29310, 20937, 4506),
(29311, 20937, 4506),
(29312, 20937, 4506),
(29313, 20938, 4506),
(29314, 20939, 4506),
(29315, 20939, 4506),
(29316, 20939, 4506),
(29317, 20940, 4506),
(29318, 20941, 4506),
(29319, 20942, 4506),
(29320, 20942, 4506),
(29321, 20943, 4506),
(29322, 20944, 4506),
(29323, 20944, 4506),
(29324, 20945, 4506),
(29325, 20946, 4506),
(29326, 20947, 4506),
(29327, 20948, 4506),
(29328, 20949, 4506),
(29329, 20949, 4506),
(29330, 20950, 4506),
(29331, 20951, 4506),
(29332, 20952, 4506),
(29333, 20953, 4506),
(29334, 20954, 4506),
(29335, 20955, 4506),
(29336, 20956, 4506),
(29337, 20956, 4506),
(29338, 20956, 4506),
(29339, 20957, 4506),
(29340, 20957, 4506),
(29341, 20957, 4506),
(29342, 20957, 4506),
(29343, 20957, 4506),
(29344, 20957, 4506),
(29345, 20958, 4506),
(29346, 20958, 4506),
(29347, 20958, 4506),
(29348, 20959, 4506),
(29349, 20959, 4506),
(29350, 20959, 4506),
(29351, 20959, 4506),
(29352, 20959, 4506),
(29353, 20959, 4506),
(29354, 20959, 4506),
(29355, 20959, 4506),
(29356, 20959, 4506),
(29357, 20960, 4506),
(29358, 20960, 4506),
(29359, 20960, 4506),
(29360, 20961, 4506),
(29361, 20961, 4506),
(29362, 20961, 4506),
(29363, 20961, 4506),
(29364, 20961, 4506),
(29365, 20961, 4506),
(29366, 20961, 4506),
(29367, 20961, 4506),
(29368, 20961, 4506),
(29369, 20961, 4506),
(29370, 20961, 4506),
(29371, 20962, 4506),
(29372, 20962, 4506),
(29373, 20963, 4506),
(29374, 20964, 4506),
(29375, 20964, 4506),
(29376, 20964, 4506),
(29377, 20964, 4506),
(29378, 20965, 4506),
(29379, 20965, 4506),
(29380, 20966, 4506),
(29381, 20966, 4506),
(29382, 20966, 4506),
(29383, 20966, 4506),
(29384, 20966, 4506),
(29385, 20967, 4506),
(29386, 20967, 4506),
(29387, 20968, 4506),
(29388, 20969, 4506),
(29389, 20970, 4506),
(29390, 20970, 4506),
(29391, 20971, 4506),
(29392, 20971, 4506),
(29393, 20972, 4506),
(29394, 20973, 4506),
(29395, 20973, 4506),
(29396, 20973, 4506),
(29397, 20973, 4506),
(29398, 20973, 4506),
(29399, 20973, 4506),
(29400, 20974, 4506),
(29401, 20975, 4506),
(29402, 20976, 4506),
(29403, 20976, 4506),
(29404, 20976, 4506),
(29405, 20976, 4506),
(29406, 20976, 4506),
(29407, 20976, 4506),
(29408, 20977, 4506),
(29409, 20977, 4506),
(29410, 20977, 4506),
(29411, 20977, 4506),
(29412, 20977, 4506),
(29413, 20977, 4506),
(29414, 20977, 4506),
(29415, 20978, 4506),
(29416, 20978, 4506),
(29417, 20978, 4506),
(29418, 20979, 4506),
(29419, 20979, 4506),
(29420, 20979, 4506),
(29421, 20979, 4506),
(29422, 20979, 4506),
(29423, 20979, 4506),
(29424, 20979, 4506),
(29425, 20980, 4506),
(29426, 20980, 4506),
(29427, 20980, 4506),
(29428, 20980, 4506),
(29429, 20980, 4506),
(29430, 20980, 4506),
(29431, 20981, 4506),
(29432, 20982, 4506),
(29433, 20982, 4506),
(29434, 20982, 4506),
(29435, 20982, 4506),
(29436, 20982, 4506),
(29437, 20983, 4506),
(29438, 20983, 4506),
(29439, 20984, 4506),
(29440, 20984, 4506),
(29441, 20984, 4506),
(29442, 20984, 4506),
(29443, 20984, 4506),
(29444, 20984, 4506),
(29445, 20984, 4506),
(29446, 20984, 4506),
(29447, 20985, 4506),
(29448, 20985, 4506),
(29449, 20986, 4506),
(29450, 20986, 4506),
(29451, 20987, 4506),
(29452, 20987, 4506),
(29453, 20987, 4506),
(29454, 20987, 4506),
(29455, 20987, 4506),
(29456, 20988, 4506),
(29457, 20988, 4506),
(29458, 20988, 4506),
(29459, 20988, 4506),
(29460, 20989, 4506),
(29461, 20989, 4506),
(29462, 20989, 4506),
(29463, 20990, 4506),
(29464, 20990, 4506),
(29465, 20991, 4506),
(29466, 20992, 4506),
(29467, 20992, 4506),
(29468, 20992, 4506),
(29469, 20992, 4506),
(29470, 20992, 4506),
(29471, 20992, 4506),
(29472, 20992, 4506),
(29473, 20992, 4506),
(29474, 20992, 4506),
(29475, 20992, 4506),
(29476, 20992, 4506),
(29477, 20992, 4506),
(29478, 20992, 4506),
(29479, 20992, 4506),
(29480, 20992, 4506),
(29481, 20992, 4506),
(29482, 20993, 4506),
(29483, 20994, 4506),
(29484, 20994, 4506),
(29485, 20995, 4506),
(29486, 20995, 4506),
(29487, 20996, 4506),
(29488, 20996, 4506),
(29489, 20996, 4506),
(29490, 20996, 4506),
(29491, 20996, 4506),
(29492, 20997, 4506),
(29493, 20998, 4506),
(29494, 20998, 4506),
(29495, 20999, 4506),
(29496, 21000, 4506),
(29497, 21000, 4506),
(29498, 21000, 4506),
(29499, 21000, 4506),
(29500, 21000, 4506),
(29501, 21001, 4506),
(29502, 21002, 4506),
(29503, 21003, 4506),
(29504, 21004, 4506),
(29505, 21004, 4506),
(29506, 21005, 4506),
(29507, 21006, 4506),
(29508, 21007, 4506),
(29509, 21007, 4506),
(29510, 21008, 4506),
(29511, 21008, 4506),
(29512, 21009, 4506),
(29513, 21010, 4506),
(29514, 21011, 4506),
(29515, 21011, 4506),
(29516, 21012, 4506),
(29517, 21013, 4506),
(29518, 21014, 4506),
(29519, 21014, 4506),
(29520, 21014, 4506),
(29521, 21014, 4506),
(29522, 21014, 4506),
(29523, 21014, 4506),
(29524, 21014, 4506),
(29525, 21015, 4506),
(29526, 21015, 4506),
(29527, 21016, 4506),
(29528, 21016, 4506),
(29529, 21017, 4506),
(29530, 21017, 4506),
(29531, 21017, 4506),
(29532, 21017, 4506),
(29533, 21018, 4506),
(29534, 21019, 4506),
(29535, 21019, 4506),
(29536, 21019, 4506),
(29537, 21019, 4506),
(29538, 21019, 4506),
(29539, 21020, 4506),
(29540, 21021, 4507),
(29541, 21022, 4507),
(29542, 21022, 4508),
(29543, 21022, 4508),
(29544, 21023, 4508),
(29545, 21024, 4509),
(29546, 21025, 4510),
(29547, 21025, 4511),
(29548, 21026, 4511),
(29549, 21026, 4511),
(29550, 21026, 4511),
(29551, 21026, 4512),
(29552, 21027, 4513),
(29553, 21027, 4514),
(29554, 21027, 4514),
(29555, 21028, 4515),
(29556, 21029, 4515),
(29557, 21029, 4515),
(29558, 21029, 4516),
(29559, 21030, 4516),
(29560, 21030, 4516),
(29561, 21031, 4516),
(29562, 21031, 4516),
(29563, 21032, 4516),
(29564, 21032, 4516),
(29565, 21032, 4516),
(29566, 21032, 4516),
(29567, 21033, 4516),
(29568, 21034, 4516),
(29569, 21034, 4516),
(29570, 21034, 4516),
(29571, 21034, 4516),
(29572, 21034, 4516),
(29573, 21035, 4517),
(29574, 21036, 4517),
(29575, 21037, 4518),
(29576, 21038, 4518),
(29577, 21038, 4518),
(29578, 21038, 4518),
(29579, 21038, 4518),
(29580, 21038, 4518),
(29581, 21039, 4519),
(29582, 21039, 4519),
(29583, 21040, 4519),
(29584, 21040, 4519),
(29585, 21040, 4519),
(29586, 21041, 4519),
(29587, 21042, 4519),
(29588, 21043, 4519),
(29589, 21043, 4520),
(29590, 21043, 4521),
(29591, 21043, 4522),
(29592, 21043, 4523),
(29593, 21044, 4523),
(29594, 21044, 4523),
(29595, 21045, 4523),
(29596, 21045, 4523),
(29597, 21045, 4523),
(29598, 21045, 4523),
(29599, 21045, 4523),
(29600, 21045, 4523),
(29601, 21045, 4523),
(29602, 21046, 4523),
(29603, 21047, 4523),
(29604, 21047, 4523),
(29605, 21047, 4523),
(29606, 21047, 4523),
(29607, 21047, 4523),
(29608, 21047, 4523),
(29609, 21048, 4523),
(29610, 21048, 4523),
(29611, 21049, 4523),
(29612, 21050, 4523),
(29613, 21050, 4523),
(29614, 21051, 4523),
(29615, 21052, 4523),
(29616, 21053, 4523),
(29617, 21054, 4523),
(29618, 21054, 4523),
(29619, 21055, 4523),
(29620, 21055, 4523),
(29621, 21055, 4523),
(29622, 21055, 4523),
(29623, 21055, 4523),
(29624, 21055, 4523),
(29625, 21055, 4523),
(29626, 21055, 4523),
(29627, 21055, 4523),
(29628, 21055, 4523),
(29629, 21055, 4523),
(29630, 21055, 4523),
(29631, 21055, 4523),
(29632, 21055, 4523),
(29633, 21055, 4523),
(29634, 21056, 4523),
(29635, 21056, 4523),
(29636, 21056, 4523),
(29637, 21056, 4523),
(29638, 21056, 4523),
(29639, 21056, 4523),
(29640, 21056, 4523),
(29641, 21056, 4523),
(29642, 21057, 4523),
(29643, 21058, 4523),
(29644, 21058, 4523),
(29645, 21058, 4523),
(29646, 21058, 4524),
(29647, 21058, 4524),
(29648, 21059, 4525),
(29649, 21059, 4526),
(29650, 21059, 4526),
(29651, 21059, 4526),
(29652, 21059, 4527),
(29653, 21060, 4528),
(29654, 21060, 4529),
(29655, 21060, 4529),
(29656, 21060, 4529),
(29657, 21061, 4529),
(29658, 21062, 4529),
(29659, 21062, 4529),
(29660, 21063, 4529),
(29661, 21064, 4529),
(29662, 21064, 4529),
(29663, 21064, 4529),
(29664, 21065, 4529),
(29665, 21066, 4529),
(29666, 21066, 4529),
(29667, 21066, 4529),
(29668, 21066, 4529),
(29669, 21067, 4529),
(29670, 21068, 4529),
(29671, 21069, 4529),
(29672, 21070, 4529),
(29673, 21071, 4529),
(29674, 21071, 4529),
(29675, 21071, 4529),
(29676, 21071, 4529),
(29677, 21071, 4529),
(29678, 21072, 4529),
(29679, 21072, 4529),
(29680, 21073, 4529),
(29681, 21073, 4529),
(29682, 21073, 4530),
(29683, 21073, 4530),
(29684, 21073, 4530),
(29685, 21074, 4530),
(29686, 21074, 4531),
(29687, 21074, 4531),
(29688, 21075, 4531),
(29689, 21075, 4531),
(29690, 21076, 4531),
(29691, 21077, 4531),
(29692, 21077, 4531),
(29693, 21077, 4531),
(29694, 21078, 4531),
(29695, 21078, 4531),
(29696, 21079, 4531),
(29697, 21079, 4531),
(29698, 21079, 4531),
(29699, 21079, 4531),
(29700, 21080, 4531),
(29701, 21080, 4531),
(29702, 21080, 4531),
(29703, 21080, 4531),
(29704, 21080, 4531),
(29705, 21080, 4531),
(29706, 21080, 4531),
(29707, 21080, 4531),
(29708, 21080, 4531),
(29709, 21080, 4531),
(29710, 21080, 4531),
(29711, 21081, 4531),
(29712, 21081, 4531),
(29713, 21082, 4531),
(29714, 21083, 4531),
(29715, 21084, 4531),
(29716, 21085, 4531),
(29717, 21085, 4531),
(29718, 21085, 4531),
(29719, 21085, 4531),
(29720, 21085, 4532),
(29721, 21085, 4532),
(29722, 21086, 4533),
(29723, 21086, 4534),
(29724, 21086, 4534),
(29725, 21086, 4534),
(29726, 21086, 4534),
(29727, 21086, 4534),
(29728, 21087, 4535),
(29729, 21087, 4536),
(29730, 21087, 4537),
(29731, 21088, 4538),
(29732, 21088, 4539),
(29733, 21088, 4539),
(29734, 21088, 4539),
(29735, 21088, 4540),
(29736, 21088, 4540),
(29737, 21088, 4540),
(29738, 21089, 4540),
(29739, 21089, 4540),
(29740, 21090, 4540),
(29741, 21090, 4540),
(29742, 21090, 4540),
(29743, 21091, 4540),
(29744, 21091, 4540),
(29745, 21091, 4540),
(29746, 21091, 4540),
(29747, 21091, 4540),
(29748, 21091, 4541),
(29749, 21092, 4542),
(29750, 21093, 4542),
(29751, 21094, 4542),
(29752, 21095, 4542),
(29753, 21096, 4542),
(29754, 21096, 4542),
(29755, 21096, 4543),
(29756, 21097, 4543),
(29757, 21097, 4543),
(29758, 21097, 4543),
(29759, 21097, 4543),
(29760, 21097, 4543),
(29761, 21098, 4543),
(29762, 21099, 4543),
(29763, 21099, 4543),
(29764, 21100, 4543),
(29765, 21100, 4543),
(29766, 21101, 4543),
(29767, 21101, 4543),
(29768, 21101, 4543),
(29769, 21102, 4543),
(29770, 21103, 4543),
(29771, 21104, 4544),
(29772, 21104, 4545),
(29773, 21104, 4546),
(29774, 21104, 4547),
(29775, 21104, 4547),
(29776, 21104, 4547),
(29777, 21104, 4547),
(29778, 21104, 4547),
(29779, 21104, 4547),
(29780, 21104, 4547),
(29781, 21104, 4547),
(29782, 21105, 4547),
(29783, 21105, 4547),
(29784, 21105, 4547),
(29785, 21105, 4547),
(29786, 21106, 4547),
(29787, 21106, 4547),
(29788, 21107, 4547),
(29789, 21108, 4547),
(29790, 21109, 4547),
(29791, 21110, 4547),
(29792, 21110, 4547),
(29793, 21110, 4547),
(29794, 21110, 4547),
(29795, 21111, 4547),
(29796, 21111, 4547),
(29797, 21111, 4547),
(29798, 21111, 4547),
(29799, 21112, 4547),
(29800, 21113, 4547),
(29801, 21114, 4547),
(29802, 21114, 4547),
(29803, 21114, 4547),
(29804, 21114, 4547),
(29805, 21114, 4547),
(29806, 21114, 4547),
(29807, 21115, 4547),
(29808, 21115, 4547),
(29809, 21115, 4547),
(29810, 21116, 4547),
(29811, 21117, 4547),
(29812, 21117, 4547),
(29813, 21117, 4547),
(29814, 21117, 4547),
(29815, 21117, 4547),
(29816, 21118, 4547),
(29817, 21118, 4547),
(29818, 21118, 4547),
(29819, 21118, 4547),
(29820, 21118, 4547),
(29821, 21118, 4547),
(29822, 21118, 4548),
(29823, 21119, 4548),
(29824, 21120, 4548),
(29825, 21120, 4549),
(29826, 21121, 4549),
(29827, 21121, 4549),
(29828, 21121, 4549),
(29829, 21121, 4549),
(29830, 21121, 4549),
(29831, 21121, 4549),
(29832, 21122, 4549),
(29833, 21123, 4549),
(29834, 21124, 4549),
(29835, 21124, 4549),
(29836, 21124, 4549),
(29837, 21125, 4549),
(29838, 21126, 4549),
(29839, 21127, 4549),
(29840, 21127, 4549),
(29841, 21128, 4549),
(29842, 21129, 4549),
(29843, 21129, 4549),
(29844, 21129, 4549),
(29845, 21129, 4549),
(29846, 21129, 4549),
(29847, 21130, 4549),
(29848, 21130, 4549),
(29849, 21130, 4549),
(29850, 21131, 4549),
(29851, 21132, 4549),
(29852, 21133, 4549),
(29853, 21134, 4549),
(29854, 21134, 4549),
(29855, 21135, 4549),
(29856, 21136, 4549),
(29857, 21137, 4549),
(29858, 21137, 4549),
(29859, 21138, 4549),
(29860, 21139, 4549),
(29861, 21139, 4549),
(29862, 21140, 4549),
(29863, 21141, 4549),
(29864, 21141, 4549),
(29865, 21142, 4549),
(29866, 21142, 4549),
(29867, 21142, 4549),
(29868, 21143, 4549),
(29869, 21143, 4549),
(29870, 21143, 4549),
(29871, 21143, 4549),
(29872, 21144, 4549),
(29873, 21145, 4549),
(29874, 21146, 4549),
(29875, 21146, 4549),
(29876, 21147, 4549),
(29877, 21147, 4549),
(29878, 21147, 4549),
(29879, 21147, 4549),
(29880, 21147, 4549),
(29881, 21147, 4549),
(29882, 21147, 4549),
(29883, 21147, 4549),
(29884, 21148, 4549),
(29885, 21148, 4549),
(29886, 21148, 4549),
(29887, 21148, 4549),
(29888, 21148, 4549),
(29889, 21148, 4549),
(29890, 21148, 4549),
(29891, 21149, 4549),
(29892, 21149, 4549),
(29893, 21149, 4549),
(29894, 21149, 4549),
(29895, 21149, 4549),
(29896, 21150, 4549),
(29897, 21150, 4549),
(29898, 21151, 4549),
(29899, 21151, 4549),
(29900, 21151, 4549),
(29901, 21152, 4549),
(29902, 21153, 4549),
(29903, 21153, 4549),
(29904, 21153, 4549),
(29905, 21153, 4549),
(29906, 21153, 4549),
(29907, 21153, 4549),
(29908, 21153, 4549),
(29909, 21154, 4549),
(29910, 21154, 4549),
(29911, 21154, 4549),
(29912, 21154, 4549),
(29913, 21154, 4549),
(29914, 21154, 4549),
(29915, 21154, 4549),
(29916, 21154, 4549),
(29917, 21155, 4549),
(29918, 21155, 4549),
(29919, 21155, 4549),
(29920, 21156, 4549),
(29921, 21157, 4549),
(29922, 21157, 4549),
(29923, 21157, 4549),
(29924, 21158, 4549),
(29925, 21158, 4549),
(29926, 21159, 4549),
(29927, 21159, 4549),
(29928, 21160, 4549),
(29929, 21161, 4549),
(29930, 21162, 4549),
(29931, 21162, 4549),
(29932, 21162, 4549),
(29933, 21162, 4549),
(29934, 21163, 4549),
(29935, 21163, 4549),
(29936, 21163, 4549),
(29937, 21164, 4549),
(29938, 21164, 4549),
(29939, 21164, 4549),
(29940, 21164, 4549),
(29941, 21165, 4549),
(29942, 21166, 4549),
(29943, 21166, 4549),
(29944, 21167, 4549),
(29945, 21167, 4549),
(29946, 21168, 4549),
(29947, 21168, 4549),
(29948, 21168, 4549),
(29949, 21168, 4549),
(29950, 21169, 4549),
(29951, 21169, 4549),
(29952, 21169, 4549),
(29953, 21169, 4549),
(29954, 21169, 4549),
(29955, 21170, 4549),
(29956, 21170, 4549),
(29957, 21170, 4549),
(29958, 21171, 4549),
(29959, 21172, 4549),
(29960, 21172, 4549),
(29961, 21172, 4549),
(29962, 21173, 4549),
(29963, 21174, 4549),
(29964, 21175, 4549),
(29965, 21176, 4549),
(29966, 21177, 4549),
(29967, 21178, 4549),
(29968, 21179, 4549),
(29969, 21179, 4549),
(29970, 21179, 4549),
(29971, 21179, 4549),
(29972, 21179, 4549),
(29973, 21179, 4549),
(29974, 21179, 4549),
(29975, 21179, 4549),
(29976, 21179, 4549),
(29977, 21180, 4549),
(29978, 21180, 4549),
(29979, 21180, 4549),
(29980, 21181, 4549),
(29981, 21181, 4549),
(29982, 21181, 4549),
(29983, 21181, 4549),
(29984, 21181, 4549),
(29985, 21181, 4549),
(29986, 21181, 4549),
(29987, 21181, 4549),
(29988, 21182, 4549),
(29989, 21182, 4549),
(29990, 21183, 4549),
(29991, 21184, 4549),
(29992, 21184, 4549),
(29993, 21184, 4549),
(29994, 21184, 4549),
(29995, 21184, 4549),
(29996, 21184, 4549),
(29997, 21184, 4549),
(29998, 21184, 4549),
(29999, 21184, 4549),
(30000, 21184, 4549),
(30001, 21184, 4549),
(30002, 21184, 4549),
(30003, 21184, 4549),
(30004, 21184, 4549),
(30005, 21184, 4549),
(30006, 21184, 4549),
(30007, 21184, 4549),
(30008, 21185, 4549),
(30009, 21186, 4549),
(30010, 21186, 4549),
(30011, 21187, 4549),
(30012, 21188, 4549),
(30013, 21188, 4549),
(30014, 21188, 4549),
(30015, 21188, 4549),
(30016, 21188, 4549),
(30017, 21188, 4549),
(30018, 21188, 4549),
(30019, 21188, 4549),
(30020, 21188, 4549),
(30021, 21188, 4549),
(30022, 21188, 4549),
(30023, 21188, 4549),
(30024, 21188, 4549),
(30025, 21189, 4549),
(30026, 21189, 4549),
(30027, 21189, 4549),
(30028, 21189, 4549),
(30029, 21189, 4549),
(30030, 21189, 4549),
(30031, 21190, 4549),
(30032, 21190, 4549),
(30033, 21190, 4549),
(30034, 21191, 4549),
(30035, 21192, 4549),
(30036, 21192, 4549),
(30037, 21192, 4549),
(30038, 21192, 4549),
(30039, 21192, 4549),
(30040, 21193, 4549),
(30041, 21193, 4549),
(30042, 21193, 4549),
(30043, 21194, 4549),
(30044, 21195, 4549),
(30045, 21195, 4549),
(30046, 21195, 4549),
(30047, 21195, 4549),
(30048, 21195, 4549),
(30049, 21195, 4549),
(30050, 21195, 4549),
(30051, 21195, 4549),
(30052, 21195, 4549),
(30053, 21195, 4549),
(30054, 21195, 4549),
(30055, 21195, 4549),
(30056, 21195, 4549),
(30057, 21195, 4549),
(30058, 21195, 4549),
(30059, 21195, 4549),
(30060, 21195, 4549),
(30061, 21195, 4549),
(30062, 21195, 4549),
(30063, 21195, 4549),
(30064, 21195, 4549),
(30065, 21195, 4549),
(30066, 21195, 4549),
(30067, 21195, 4549),
(30068, 21195, 4549),
(30069, 21195, 4549),
(30070, 21195, 4549),
(30071, 21195, 4549),
(30072, 21195, 4549),
(30073, 21195, 4549),
(30074, 21195, 4549),
(30075, 21195, 4549),
(30076, 21195, 4549),
(30077, 21195, 4549),
(30078, 21195, 4549),
(30079, 21195, 4549),
(30080, 21196, 4549),
(30081, 21197, 4549),
(30082, 21197, 4549),
(30083, 21197, 4549),
(30084, 21197, 4549),
(30085, 21198, 4549),
(30086, 21198, 4549),
(30087, 21198, 4549),
(30088, 21198, 4549),
(30089, 21199, 4549),
(30090, 21199, 4549),
(30091, 21199, 4549),
(30092, 21199, 4549),
(30093, 21199, 4549),
(30094, 21199, 4549),
(30095, 21199, 4549),
(30096, 21199, 4549),
(30097, 21199, 4549),
(30098, 21199, 4549),
(30099, 21199, 4549),
(30100, 21199, 4549),
(30101, 21199, 4549),
(30102, 21199, 4549),
(30103, 21199, 4549),
(30104, 21199, 4549),
(30105, 21200, 4549),
(30106, 21200, 4549),
(30107, 21200, 4549),
(30108, 21201, 4549),
(30109, 21201, 4549),
(30110, 21201, 4549),
(30111, 21201, 4549),
(30112, 21201, 4549),
(30113, 21201, 4549),
(30114, 21201, 4549),
(30115, 21201, 4549),
(30116, 21202, 4549),
(30117, 21202, 4549),
(30118, 21202, 4549),
(30119, 21203, 4549),
(30120, 21203, 4549),
(30121, 21203, 4549),
(30122, 21203, 4549),
(30123, 21204, 4549),
(30124, 21204, 4549),
(30125, 21204, 4549),
(30126, 21205, 4549),
(30127, 21206, 4549),
(30128, 21206, 4549),
(30129, 21207, 4549),
(30130, 21207, 4549),
(30131, 21207, 4549),
(30132, 21208, 4549),
(30133, 21209, 4549),
(30134, 21210, 4549),
(30135, 21210, 4549),
(30136, 21211, 4549),
(30137, 21211, 4549),
(30138, 21211, 4549),
(30139, 21211, 4549),
(30140, 21211, 4549),
(30141, 21211, 4549),
(30142, 21211, 4549),
(30143, 21211, 4549),
(30144, 21211, 4549),
(30145, 21211, 4549),
(30146, 21211, 4549),
(30147, 21212, 4549),
(30148, 21212, 4549),
(30149, 21212, 4549),
(30150, 21212, 4549),
(30151, 21212, 4549),
(30152, 21212, 4549),
(30153, 21212, 4549),
(30154, 21212, 4549),
(30155, 21212, 4549),
(30156, 21212, 4549),
(30157, 21212, 4549),
(30158, 21212, 4549),
(30159, 21212, 4549),
(30160, 21212, 4549),
(30161, 21212, 4549),
(30162, 21212, 4549),
(30163, 21213, 4549),
(30164, 21213, 4550),
(30165, 21213, 4551),
(30166, 21213, 4551),
(30167, 21214, 4552),
(30168, 21215, 4552),
(30169, 21216, 4552),
(30170, 21216, 4553),
(30171, 21216, 4554),
(30172, 21216, 4554),
(30173, 21216, 4555),
(30174, 21216, 4556),
(30175, 21216, 4556),
(30176, 21217, 4556),
(30177, 21217, 4556),
(30178, 21217, 4556),
(30179, 21217, 4556),
(30180, 21218, 4556),
(30181, 21219, 4556),
(30182, 21219, 4556),
(30183, 21220, 4556),
(30184, 21220, 4556),
(30185, 21221, 4556),
(30186, 21221, 4556),
(30187, 21221, 4556),
(30188, 21222, 4556),
(30189, 21222, 4556),
(30190, 21223, 4557),
(30191, 21224, 4558),
(30192, 21225, 4558);
INSERT INTO `models_sizes` (`id`, `models_id`, `sizes_id`) VALUES
(30193, 21225, 4559),
(30194, 21225, 4559),
(30195, 21225, 4559),
(30196, 21225, 4559),
(30197, 21225, 4559),
(30198, 21225, 4559),
(30199, 21226, 4559),
(30200, 21226, 4560),
(30201, 21227, 4560),
(30202, 21227, 4560),
(30203, 21227, 4560),
(30204, 21227, 4560),
(30205, 21227, 4560),
(30206, 21228, 4560),
(30207, 21229, 4560),
(30208, 21229, 4560),
(30209, 21230, 4560),
(30210, 21230, 4560),
(30211, 21230, 4560),
(30212, 21230, 4560),
(30213, 21230, 4560),
(30214, 21230, 4560),
(30215, 21230, 4560),
(30216, 21230, 4560),
(30217, 21230, 4560),
(30218, 21230, 4560),
(30219, 21231, 4560),
(30220, 21232, 4560),
(30221, 21232, 4560),
(30222, 21233, 4560),
(30223, 21233, 4560),
(30224, 21233, 4560),
(30225, 21233, 4561),
(30226, 21233, 4561),
(30227, 21233, 4562),
(30228, 21234, 4563),
(30229, 21234, 4564),
(30230, 21235, 4565),
(30231, 21235, 4565),
(30232, 21235, 4565),
(30233, 21236, 4565),
(30234, 21236, 4565),
(30235, 21236, 4565),
(30236, 21236, 4565),
(30237, 21237, 4565),
(30238, 21238, 4565),
(30239, 21238, 4565),
(30240, 21239, 4565),
(30241, 21239, 4565),
(30242, 21239, 4565),
(30243, 21239, 4565),
(30244, 21239, 4565),
(30245, 21239, 4565),
(30246, 21239, 4565),
(30247, 21239, 4565),
(30248, 21240, 4565),
(30249, 21241, 4565),
(30250, 21242, 4565),
(30251, 21242, 4565),
(30252, 21242, 4565),
(30253, 21243, 4565),
(30254, 21243, 4565),
(30255, 21243, 4565),
(30256, 21244, 4565),
(30257, 21244, 4565),
(30258, 21244, 4565),
(30259, 21244, 4565),
(30260, 21244, 4565),
(30261, 21245, 4565),
(30262, 21245, 4565),
(30263, 21245, 4565),
(30264, 21245, 4565),
(30265, 21245, 4565),
(30266, 21245, 4565),
(30267, 21245, 4565),
(30268, 21245, 4565),
(30269, 21245, 4565),
(30270, 21246, 4565),
(30271, 21246, 4565),
(30272, 21246, 4565),
(30273, 21246, 4565),
(30274, 21246, 4565),
(30275, 21247, 4565),
(30276, 21248, 4565),
(30277, 21248, 4565),
(30278, 21248, 4565),
(30279, 21249, 4565),
(30280, 21250, 4565),
(30281, 21251, 4566),
(30282, 21251, 4567),
(30283, 21252, 4568),
(30284, 21253, 4569),
(30285, 21254, 4570),
(30286, 21254, 4571),
(30287, 21254, 4571),
(30288, 21254, 4571),
(30289, 21254, 4572),
(30290, 21255, 4572),
(30291, 21255, 4572),
(30292, 21255, 4572),
(30293, 21255, 4572),
(30294, 21255, 4572),
(30295, 21255, 4572),
(30296, 21255, 4572),
(30297, 21255, 4572),
(30298, 21255, 4572),
(30299, 21256, 4572),
(30300, 21256, 4572),
(30301, 21257, 4572),
(30302, 21257, 4572),
(30303, 21257, 4573),
(30304, 21257, 4574),
(30305, 21257, 4575),
(30306, 21257, 4576),
(30307, 21257, 4576),
(30308, 21257, 4576),
(30309, 21257, 4576),
(30310, 21257, 4576),
(30311, 21258, 4576),
(30312, 21259, 4576),
(30313, 21259, 4576),
(30314, 21259, 4576),
(30315, 21259, 4576),
(30316, 21259, 4576),
(30317, 21260, 4576),
(30318, 21260, 4576),
(30319, 21260, 4576),
(30320, 21261, 4576),
(30321, 21262, 4577),
(30322, 21263, 4578),
(30323, 21264, 4578),
(30324, 21265, 4578),
(30325, 21266, 4578),
(30326, 21266, 4579),
(30327, 21267, 4580),
(30328, 21267, 4580),
(30329, 21267, 4581),
(30330, 21268, 4581),
(30331, 21268, 4581),
(30332, 21268, 4581),
(30333, 21268, 4581),
(30334, 21268, 4581),
(30335, 21268, 4581),
(30336, 21268, 4582),
(30337, 21269, 4582),
(30338, 21269, 4582),
(30339, 21269, 4582),
(30340, 21269, 4582),
(30341, 21269, 4582),
(30342, 21269, 4582),
(30343, 21269, 4582),
(30344, 21269, 4582),
(30345, 21269, 4582),
(30346, 21269, 4582),
(30347, 21270, 4582),
(30348, 21271, 4582),
(30349, 21272, 4582),
(30350, 21272, 4582),
(30351, 21272, 4582),
(30352, 21272, 4582),
(30353, 21272, 4582),
(30354, 21272, 4582),
(30355, 21272, 4582),
(30356, 21272, 4582),
(30357, 21272, 4582),
(30358, 21272, 4582),
(30359, 21272, 4582),
(30360, 21272, 4582),
(30361, 21272, 4582),
(30362, 21272, 4582),
(30363, 21273, 4582),
(30364, 21274, 4582),
(30365, 21274, 4582),
(30366, 21274, 4582),
(30367, 21274, 4582),
(30368, 21275, 4582),
(30369, 21275, 4582),
(30370, 21275, 4582),
(30371, 21275, 4582),
(30372, 21275, 4582),
(30373, 21275, 4583),
(30374, 21275, 4583),
(30375, 21275, 4583),
(30376, 21275, 4583),
(30377, 21276, 4583),
(30378, 21276, 4583),
(30379, 21277, 4583),
(30380, 21278, 4583),
(30381, 21279, 4583),
(30382, 21279, 4583),
(30383, 21279, 4583),
(30384, 21279, 4583),
(30385, 21279, 4583),
(30386, 21279, 4583),
(30387, 21279, 4583),
(30388, 21280, 4583),
(30389, 21280, 4583),
(30390, 21280, 4583),
(30391, 21281, 4583),
(30392, 21281, 4583),
(30393, 21282, 4583),
(30394, 21282, 4583),
(30395, 21283, 4583),
(30396, 21283, 4583),
(30397, 21284, 4583),
(30398, 21284, 4583),
(30399, 21285, 4583),
(30400, 21286, 4583),
(30401, 21286, 4583),
(30402, 21286, 4583),
(30403, 21287, 4583),
(30404, 21287, 4583),
(30405, 21287, 4583),
(30406, 21287, 4583),
(30407, 21287, 4583),
(30408, 21287, 4583),
(30409, 21287, 4583),
(30410, 21287, 4583),
(30411, 21287, 4583),
(30412, 21287, 4583),
(30413, 21287, 4583),
(30414, 21288, 4583),
(30415, 21288, 4583),
(30416, 21288, 4583),
(30417, 21288, 4583),
(30418, 21288, 4583),
(30419, 21288, 4583),
(30420, 21289, 4583),
(30421, 21289, 4583),
(30422, 21289, 4583),
(30423, 21290, 4583),
(30424, 21291, 4583),
(30425, 21292, 4583),
(30426, 21292, 4583),
(30427, 21293, 4583),
(30428, 21294, 4583),
(30429, 21295, 4583),
(30430, 21296, 4583),
(30431, 21297, 4583),
(30432, 21297, 4583),
(30433, 21298, 4583),
(30434, 21299, 4583),
(30435, 21299, 4583),
(30436, 21299, 4583),
(30437, 21299, 4583),
(30438, 21299, 4583),
(30439, 21300, 4583),
(30440, 21301, 4583),
(30441, 21301, 4583),
(30442, 21301, 4583),
(30443, 21302, 4583),
(30444, 21303, 4583),
(30445, 21303, 4583),
(30446, 21304, 4583),
(30447, 21304, 4583),
(30448, 21305, 4583),
(30449, 21306, 4583),
(30450, 21307, 4583),
(30451, 21308, 4583),
(30452, 21309, 4583),
(30453, 21309, 4583),
(30454, 21310, 4583),
(30455, 21311, 4583),
(30456, 21311, 4583),
(30457, 21311, 4583),
(30458, 21311, 4583),
(30459, 21311, 4583),
(30460, 21311, 4583),
(30461, 21311, 4583),
(30462, 21311, 4583),
(30463, 21311, 4583),
(30464, 21311, 4583),
(30465, 21311, 4583),
(30466, 21311, 4583),
(30467, 21311, 4583),
(30468, 21311, 4583),
(30469, 21311, 4583),
(30470, 21312, 4583),
(30471, 21312, 4583),
(30472, 21312, 4583),
(30473, 21312, 4583),
(30474, 21312, 4583),
(30475, 21312, 4583),
(30476, 21312, 4583),
(30477, 21312, 4583),
(30478, 21312, 4583),
(30479, 21312, 4583),
(30480, 21313, 4583),
(30481, 21313, 4583),
(30482, 21314, 4583),
(30483, 21314, 4583),
(30484, 21314, 4583),
(30485, 21314, 4583),
(30486, 21314, 4583),
(30487, 21314, 4583),
(30488, 21314, 4583),
(30489, 21314, 4583),
(30490, 21314, 4583),
(30491, 21314, 4583),
(30492, 21314, 4583),
(30493, 21314, 4583),
(30494, 21314, 4583),
(30495, 21314, 4583),
(30496, 21314, 4583),
(30497, 21314, 4583),
(30498, 21314, 4583),
(30499, 21315, 4583),
(30500, 21315, 4583),
(30501, 21315, 4583),
(30502, 21315, 4583),
(30503, 21316, 4583),
(30504, 21316, 4583),
(30505, 21316, 4583),
(30506, 21316, 4583),
(30507, 21316, 4583),
(30508, 21316, 4583),
(30509, 21316, 4583),
(30510, 21316, 4583),
(30511, 21316, 4583),
(30512, 21316, 4583),
(30513, 21316, 4583),
(30514, 21317, 4583),
(30515, 21318, 4583),
(30516, 21318, 4583),
(30517, 21318, 4583),
(30518, 21318, 4583),
(30519, 21318, 4583),
(30520, 21318, 4583),
(30521, 21318, 4583),
(30522, 21318, 4583),
(30523, 21318, 4583),
(30524, 21318, 4583),
(30525, 21319, 4583),
(30526, 21319, 4583),
(30527, 21320, 4583),
(30528, 21321, 4583),
(30529, 21321, 4583),
(30530, 21321, 4583),
(30531, 21321, 4583),
(30532, 21321, 4583),
(30533, 21321, 4583),
(30534, 21322, 4583),
(30535, 21322, 4583),
(30536, 21322, 4583),
(30537, 21322, 4583),
(30538, 21322, 4583),
(30539, 21322, 4583),
(30540, 21322, 4583),
(30541, 21323, 4583),
(30542, 21324, 4583),
(30543, 21325, 4583),
(30544, 21325, 4583),
(30545, 21325, 4583),
(30546, 21325, 4583),
(30547, 21325, 4583),
(30548, 21325, 4583),
(30549, 21326, 4583),
(30550, 21326, 4583),
(30551, 21326, 4584),
(30552, 21327, 4585),
(30553, 21327, 4586),
(30554, 21327, 4586),
(30555, 21328, 4587),
(30556, 21328, 4588),
(30557, 21329, 4588),
(30558, 21330, 4588),
(30559, 21331, 4589),
(30560, 21332, 4590),
(30561, 21333, 4590),
(30562, 21334, 4590),
(30563, 21334, 4590),
(30564, 21335, 4590),
(30565, 21335, 4590),
(30566, 21336, 4591),
(30567, 21336, 4591),
(30568, 21337, 4591),
(30569, 21337, 4591),
(30570, 21338, 4591),
(30571, 21339, 4591),
(30572, 21340, 4591),
(30573, 21340, 4592),
(30574, 21341, 4592),
(30575, 21342, 4593),
(30576, 21343, 4594),
(30577, 21344, 4594),
(30578, 21345, 4595),
(30579, 21346, 4596),
(30580, 21346, 4596),
(30581, 21347, 4597),
(30582, 21348, 4598),
(30583, 21349, 4599),
(30584, 21350, 4599),
(30585, 21351, 4600),
(30586, 21352, 4601),
(30587, 21353, 4602),
(30588, 21354, 4602),
(30589, 21355, 4603),
(30590, 21355, 4604),
(30591, 21355, 4604),
(30592, 21355, 4605),
(30593, 21355, 4605),
(30594, 21355, 4605),
(30595, 21355, 4605),
(30596, 21356, 4605),
(30597, 21356, 4605),
(30598, 21357, 4606),
(30599, 21357, 4607),
(30600, 21358, 4608),
(30601, 21358, 4609),
(30602, 21359, 4609),
(30603, 21359, 4609),
(30604, 21359, 4609),
(30605, 21360, 4610),
(30606, 21361, 4611),
(30607, 21361, 4612),
(30608, 21362, 4613),
(30609, 21362, 4614),
(30610, 21363, 4614),
(30611, 21363, 4614),
(30612, 21363, 4614),
(30613, 21363, 4614),
(30614, 21364, 4615),
(30615, 21364, 4616),
(30616, 21364, 4617),
(30617, 21364, 4618),
(30618, 21364, 4619),
(30619, 21364, 4620),
(30620, 21364, 4621),
(30621, 21365, 4622),
(30622, 21365, 4623),
(30623, 21366, 4623),
(30624, 21366, 4624),
(30625, 21366, 4625),
(30626, 21367, 4626),
(30627, 21367, 4627),
(30628, 21367, 4627),
(30629, 21368, 4627),
(30630, 21368, 4628),
(30631, 21368, 4628),
(30632, 21368, 4628),
(30633, 21368, 4629),
(30634, 21368, 4629),
(30635, 21369, 4629),
(30636, 21370, 4630),
(30637, 21370, 4631),
(30638, 21371, 4632),
(30639, 21371, 4633),
(30640, 21371, 4634),
(30641, 21372, 4635),
(30642, 21373, 4636),
(30643, 21373, 4637),
(30644, 21374, 4638),
(30645, 21374, 4639),
(30646, 21375, 4640),
(30647, 21375, 4641),
(30648, 21375, 4642),
(30649, 21375, 4643),
(30650, 21375, 4644),
(30651, 21375, 4644),
(30652, 21376, 4645),
(30653, 21376, 4645),
(30654, 21377, 4646),
(30655, 21377, 4646),
(30656, 21377, 4646),
(30657, 21377, 4646),
(30658, 21377, 4646),
(30659, 21377, 4646),
(30660, 21377, 4647),
(30661, 21377, 4648),
(30662, 21377, 4649),
(30663, 21377, 4650),
(30664, 21377, 4651),
(30665, 21377, 4652),
(30666, 21377, 4653),
(30667, 21378, 4654),
(30668, 21378, 4654),
(30669, 21378, 4654),
(30670, 21379, 4654),
(30671, 21379, 4655),
(30672, 21380, 4656),
(30673, 21380, 4656),
(30674, 21381, 4656),
(30675, 21381, 4656),
(30676, 21382, 4656),
(30677, 21383, 4656),
(30678, 21383, 4656),
(30679, 21383, 4656),
(30680, 21383, 4656),
(30681, 21383, 4656),
(30682, 21383, 4656),
(30683, 21383, 4656),
(30684, 21383, 4656),
(30685, 21383, 4656),
(30686, 21384, 4656),
(30687, 21384, 4656),
(30688, 21384, 4656),
(30689, 21384, 4656),
(30690, 21385, 4656),
(30691, 21385, 4656),
(30692, 21385, 4656),
(30693, 21385, 4656),
(30694, 21385, 4656),
(30695, 21385, 4656),
(30696, 21385, 4656),
(30697, 21385, 4656),
(30698, 21385, 4657),
(30699, 21386, 4658),
(30700, 21386, 4658),
(30701, 21386, 4659),
(30702, 21386, 4660),
(30703, 21386, 4661),
(30704, 21386, 4661),
(30705, 21386, 4661),
(30706, 21386, 4662),
(30707, 21386, 4662),
(30708, 21386, 4662),
(30709, 21386, 4662),
(30710, 21386, 4662),
(30711, 21386, 4662),
(30712, 21386, 4662),
(30713, 21386, 4662),
(30714, 21386, 4662),
(30715, 21386, 4662),
(30716, 21386, 4662),
(30717, 21386, 4662),
(30718, 21386, 4662),
(30719, 21386, 4662),
(30720, 21386, 4662),
(30721, 21386, 4662),
(30722, 21386, 4662),
(30723, 21386, 4662),
(30724, 21387, 4662),
(30725, 21387, 4663),
(30726, 21387, 4663),
(30727, 21387, 4664),
(30728, 21387, 4664),
(30729, 21387, 4664),
(30730, 21388, 4664),
(30731, 21389, 4665),
(30732, 21390, 4665),
(30733, 21390, 4666),
(30734, 21390, 4667),
(30735, 21391, 4668),
(30736, 21391, 4668),
(30737, 21391, 4669),
(30738, 21392, 4669),
(30739, 21393, 4669),
(30740, 21393, 4669),
(30741, 21394, 4669),
(30742, 21395, 4670),
(30743, 21396, 4670),
(30744, 21397, 4670),
(30745, 21398, 4670),
(30746, 21399, 4670),
(30747, 21399, 4670),
(30748, 21399, 4670),
(30749, 21399, 4671),
(30750, 21400, 4671),
(30751, 21400, 4671),
(30752, 21400, 4671),
(30753, 21400, 4671),
(30754, 21400, 4671),
(30755, 21400, 4671),
(30756, 21400, 4671),
(30757, 21400, 4671),
(30758, 21400, 4671),
(30759, 21400, 4671),
(30760, 21400, 4671),
(30761, 21400, 4672),
(30762, 21400, 4673),
(30763, 21400, 4673),
(30764, 21401, 4673),
(30765, 21401, 4673),
(30766, 21401, 4673),
(30767, 21401, 4673),
(30768, 21401, 4673),
(30769, 21401, 4673),
(30770, 21401, 4673),
(30771, 21401, 4673),
(30772, 21401, 4673),
(30773, 21401, 4673),
(30774, 21402, 4673),
(30775, 21402, 4673),
(30776, 21402, 4673),
(30777, 21402, 4673),
(30778, 21402, 4673),
(30779, 21402, 4673),
(30780, 21402, 4673),
(30781, 21402, 4673),
(30782, 21402, 4673),
(30783, 21402, 4673),
(30784, 21402, 4673),
(30785, 21402, 4673),
(30786, 21402, 4674),
(30787, 21402, 4674),
(30788, 21402, 4674),
(30789, 21402, 4674),
(30790, 21403, 4675),
(30791, 21404, 4676),
(30792, 21404, 4676),
(30793, 21404, 4676),
(30794, 21404, 4676),
(30795, 21404, 4676),
(30796, 21405, 4677),
(30797, 21405, 4677),
(30798, 21405, 4677),
(30799, 21405, 4677),
(30800, 21405, 4677),
(30801, 21406, 4677),
(30802, 21406, 4677),
(30803, 21407, 4677),
(30804, 21408, 4677),
(30805, 21408, 4677),
(30806, 21409, 4677),
(30807, 21410, 4677),
(30808, 21410, 4677),
(30809, 21410, 4677),
(30810, 21410, 4677),
(30811, 21411, 4677),
(30812, 21411, 4677),
(30813, 21411, 4677),
(30814, 21411, 4677),
(30815, 21411, 4677),
(30816, 21411, 4677),
(30817, 21411, 4677),
(30818, 21411, 4677),
(30819, 21411, 4677),
(30820, 21411, 4677),
(30821, 21411, 4677),
(30822, 21411, 4677),
(30823, 21411, 4677),
(30824, 21411, 4677),
(30825, 21412, 4677),
(30826, 21413, 4677),
(30827, 21413, 4677),
(30828, 21413, 4677),
(30829, 21414, 4677),
(30830, 21414, 4677),
(30831, 21414, 4677),
(30832, 21414, 4677),
(30833, 21415, 4677),
(30834, 21416, 4677),
(30835, 21416, 4677),
(30836, 21417, 4677),
(30837, 21417, 4677),
(30838, 21418, 4677),
(30839, 21418, 4677),
(30840, 21418, 4677),
(30841, 21418, 4677),
(30842, 21419, 4677),
(30843, 21420, 4677),
(30844, 21420, 4677),
(30845, 21420, 4677),
(30846, 21420, 4677),
(30847, 21420, 4678),
(30848, 21420, 4678),
(30849, 21420, 4678),
(30850, 21420, 4679),
(30851, 21421, 4679),
(30852, 21421, 4679),
(30853, 21421, 4679),
(30854, 21421, 4679),
(30855, 21421, 4679),
(30856, 21421, 4679),
(30857, 21421, 4679),
(30858, 21422, 4679),
(30859, 21422, 4679),
(30860, 21422, 4679),
(30861, 21422, 4680),
(30862, 21422, 4680),
(30863, 21422, 4681),
(30864, 21423, 4682),
(30865, 21423, 4682),
(30866, 21423, 4682),
(30867, 21424, 4682),
(30868, 21424, 4683),
(30869, 21424, 4683),
(30870, 21424, 4684),
(30871, 21424, 4684),
(30872, 21424, 4684),
(30873, 21424, 4685),
(30874, 21425, 4686),
(30875, 21425, 4687),
(30876, 21425, 4688),
(30877, 21425, 4688),
(30878, 21425, 4688),
(30879, 21425, 4688),
(30880, 21426, 4688),
(30881, 21426, 4688),
(30882, 21426, 4688),
(30883, 21426, 4688),
(30884, 21426, 4688),
(30885, 21426, 4688),
(30886, 21426, 4688),
(30887, 21426, 4688),
(30888, 21426, 4688),
(30889, 21426, 4688),
(30890, 21426, 4688),
(30891, 21426, 4688),
(30892, 21426, 4688),
(30893, 21426, 4688),
(30894, 21426, 4688),
(30895, 21426, 4688),
(30896, 21426, 4688),
(30897, 21426, 4688),
(30898, 21426, 4688),
(30899, 21427, 4688),
(30900, 21427, 4688),
(30901, 21428, 4688),
(30902, 21429, 4688),
(30903, 21429, 4688),
(30904, 21429, 4688),
(30905, 21430, 4688),
(30906, 21430, 4688),
(30907, 21430, 4688),
(30908, 21430, 4688),
(30909, 21431, 4688),
(30910, 21431, 4688),
(30911, 21431, 4688),
(30912, 21431, 4688),
(30913, 21431, 4688),
(30914, 21431, 4688),
(30915, 21431, 4688),
(30916, 21431, 4688),
(30917, 21431, 4688),
(30918, 21431, 4688),
(30919, 21431, 4688),
(30920, 21431, 4688),
(30921, 21431, 4688),
(30922, 21431, 4688),
(30923, 21431, 4688),
(30924, 21431, 4688),
(30925, 21431, 4688),
(30926, 21431, 4688),
(30927, 21431, 4688),
(30928, 21431, 4688),
(30929, 21431, 4688),
(30930, 21431, 4688),
(30931, 21431, 4688),
(30932, 21431, 4688),
(30933, 21431, 4688),
(30934, 21431, 4688),
(30935, 21431, 4688),
(30936, 21431, 4688),
(30937, 21431, 4688),
(30938, 21431, 4688),
(30939, 21431, 4688),
(30940, 21431, 4688),
(30941, 21431, 4688),
(30942, 21431, 4688),
(30943, 21431, 4688),
(30944, 21431, 4688),
(30945, 21431, 4688),
(30946, 21431, 4688),
(30947, 21431, 4688),
(30948, 21431, 4688),
(30949, 21431, 4688),
(30950, 21431, 4688),
(30951, 21432, 4688),
(30952, 21432, 4688),
(30953, 21432, 4688),
(30954, 21432, 4688),
(30955, 21432, 4688),
(30956, 21432, 4688),
(30957, 21432, 4688),
(30958, 21432, 4688),
(30959, 21432, 4688),
(30960, 21433, 4688),
(30961, 21433, 4688),
(30962, 21434, 4688),
(30963, 21434, 4688),
(30964, 21434, 4688),
(30965, 21434, 4688),
(30966, 21434, 4688),
(30967, 21434, 4688),
(30968, 21434, 4688),
(30969, 21434, 4688),
(30970, 21434, 4688),
(30971, 21434, 4688),
(30972, 21434, 4688),
(30973, 21434, 4689),
(30974, 21434, 4689),
(30975, 21434, 4689),
(30976, 21434, 4690),
(30977, 21434, 4691),
(30978, 21434, 4691),
(30979, 21434, 4691),
(30980, 21434, 4691),
(30981, 21434, 4691),
(30982, 21434, 4692),
(30983, 21434, 4693),
(30984, 21434, 4694),
(30985, 21435, 4694),
(30986, 21435, 4694),
(30987, 21435, 4694),
(30988, 21435, 4694),
(30989, 21436, 4695),
(30990, 21437, 4695),
(30991, 21437, 4695),
(30992, 21437, 4695),
(30993, 21438, 4695),
(30994, 21438, 4695),
(30995, 21438, 4695),
(30996, 21438, 4695),
(30997, 21438, 4695),
(30998, 21438, 4695),
(30999, 21439, 4695),
(31000, 21439, 4695),
(31001, 21439, 4695),
(31002, 21439, 4695),
(31003, 21439, 4696),
(31004, 21439, 4697),
(31005, 21439, 4698),
(31006, 21440, 4698),
(31007, 21440, 4698),
(31008, 21441, 4698),
(31009, 21441, 4698),
(31010, 21442, 4698),
(31011, 21442, 4698),
(31012, 21442, 4699),
(31013, 21443, 4699),
(31014, 21443, 4699),
(31015, 21444, 4699),
(31016, 21444, 4699),
(31017, 21445, 4699),
(31018, 21446, 4699),
(31019, 21446, 4699),
(31020, 21446, 4699),
(31021, 21446, 4699),
(31022, 21446, 4699),
(31023, 21446, 4699),
(31024, 21447, 4700),
(31025, 21447, 4700),
(31026, 21447, 4701),
(31027, 21447, 4702),
(31028, 21447, 4702),
(31029, 21447, 4702),
(31030, 21448, 4702),
(31031, 21448, 4702),
(31032, 21449, 4702),
(31033, 21449, 4702),
(31034, 21449, 4702),
(31035, 21449, 4702),
(31036, 21450, 4702),
(31037, 21450, 4702),
(31038, 21450, 4702),
(31039, 21450, 4702),
(31040, 21450, 4702),
(31041, 21450, 4702),
(31042, 21451, 4702),
(31043, 21451, 4702),
(31044, 21451, 4702),
(31045, 21451, 4702),
(31046, 21451, 4702),
(31047, 21452, 4702),
(31048, 21453, 4702),
(31049, 21453, 4702),
(31050, 21453, 4702),
(31051, 21454, 4702),
(31052, 21455, 4702),
(31053, 21455, 4702),
(31054, 21455, 4702),
(31055, 21455, 4702),
(31056, 21455, 4702),
(31057, 21455, 4702),
(31058, 21455, 4702),
(31059, 21455, 4702),
(31060, 21455, 4702),
(31061, 21455, 4702),
(31062, 21455, 4702),
(31063, 21455, 4702),
(31064, 21455, 4702),
(31065, 21455, 4702),
(31066, 21455, 4702),
(31067, 21455, 4702),
(31068, 21455, 4702),
(31069, 21455, 4702),
(31070, 21455, 4702),
(31071, 21455, 4702),
(31072, 21455, 4703),
(31073, 21455, 4704),
(31074, 21455, 4705),
(31075, 21455, 4706),
(31076, 21456, 4707);

-- --------------------------------------------------------

--
-- Tabelstructuur voor tabel `orders`
--

CREATE TABLE `orders` (
  `id` int(11) NOT NULL,
  `brand_id` int(11) NOT NULL,
  `model_id` int(11) NOT NULL,
  `size_id` int(11) NOT NULL
) ENGINE=InnoDB DEFAULT CHARSET=utf8mb4;

-- --------------------------------------------------------

--
-- Tabelstructuur voor tabel `sizes`
--

CREATE TABLE `sizes` (
  `id` int(11) NOT NULL,
  `name` varchar(255) NOT NULL
) ENGINE=InnoDB DEFAULT CHARSET=utf8mb4;

--
-- Gegevens worden geëxporteerd voor tabel `sizes`
--

INSERT INTO `sizes` (`id`, `name`) VALUES
(4380, 'XS'),
(4381, 'Xlarge 9.5-10.5'),
(4382, 'XL'),
(4383, 'X-Large'),
(4384, 'Womenfts US Shoe Size 9'),
(4385, 'Womenfts US Shoe Size 8'),
(4386, 'Womenfts US Shoe Size 12'),
(4387, 'Womenfts Shoe 9.5  AAN'),
(4388, 'Womenfts Shoe 12.5  DW'),
(4389, 'Womenfts Shoe 10  AAN'),
(4390, 'US Size 5'),
(4391, 'US 9.5'),
(4392, 'Size 5'),
(4393, 'Size 14'),
(4394, 'Size 13'),
(4395, 'Size 12'),
(4396, 'Size 11'),
(4397, 'Size 10'),
(4398, 'S'),
(4399, 'Purple 10'),
(4400, 'One Size'),
(4401, 'Men 12/Women 13.5'),
(4402, 'Medium'),
(4403, 'LG'),
(4404, 'Large 9'),
(4405, 'Kids 8 Plus'),
(4406, 'Kids 7 Plus'),
(4407, 'Kids 6 Plus'),
(4408, 'Kids 5 Plus'),
(4409, 'EU36US5.5-6'),
(4410, '9W'),
(4411, '9M'),
(4412, '9.5W'),
(4413, '9.5M'),
(4414, '9.5-10'),
(4415, '9.5 XX-Wide'),
(4416, '9.5 WW'),
(4417, '9.5 Wide CDW'),
(4418, '9.5 W'),
(4419, '9.5 N'),
(4420, '9.5 Medium BM'),
(4421, '9.5 M US'),
(4422, '9.5 M'),
(4423, '9.5 Extra Wide E WW'),
(4424, '9.5 DM US'),
(4425, '9.5 Boot'),
(4426, '9.5 BM US'),
(4427, '9.5 BM'),
(4428, '9.5 B US'),
(4429, '9.5'),
(4430, '9 XX-Wide4E US'),
(4431, '9 WW US'),
(4432, '9 WW'),
(4433, '9 Wide CDW'),
(4434, '9 W US'),
(4435, '9 W'),
(4436, '9 US / 39 EU'),
(4437, '9 S'),
(4438, '9 Narrow AAN'),
(4439, '9 N'),
(4440, '9 Medium D M'),
(4441, '9 Medium BM'),
(4442, '9 M US Women'),
(4443, '9 M US Toddler'),
(4444, '9 M US'),
(4445, '9 M'),
(4446, '9 BM US'),
(4447, '9 B US'),
(4448, '9 B M US'),
(4449, '9 1/2 0950'),
(4450, '8W'),
(4451, '8M'),
(4452, '8.5W'),
(4453, '8.5M'),
(4454, '8.5-9'),
(4455, '8.5 X-Wide'),
(4456, '8.5 WW'),
(4457, '8.5 W'),
(4458, '8.5 US / 39 EU'),
(4459, '8.5 S'),
(4460, '8.5 N'),
(4461, '8.5 Medium BM'),
(4462, '8.5 M US'),
(4463, '8.5 M'),
(4464, '8.5 Boot'),
(4465, '8.5 BM US Women'),
(4466, '8.5 BM US'),
(4467, '8.5 B US'),
(4468, '8.5 B M US'),
(4469, '8.5'),
(4470, '8 WW'),
(4471, '8 W'),
(4472, '8 US'),
(4473, '8 Standard'),
(4474, '8 S'),
(4475, '8 R'),
(4476, '8 N'),
(4477, '8 Medium BM'),
(4478, '8 M US'),
(4479, '8 M'),
(4480, '8 DM US'),
(4481, '8 BM US'),
(4482, '8 BM'),
(4483, '8 B US'),
(4484, '8 B'),
(4485, '7W'),
(4486, '7M'),
(4487, '7.5W'),
(4488, '7.5N'),
(4489, '7.5M'),
(4490, '7.5 WW'),
(4491, '7.5 Wide CDW'),
(4492, '7.5 W'),
(4493, '7.5 US / 37.5 EU'),
(4494, '7.5 US'),
(4495, '7.5 Standard'),
(4496, '7.5 S'),
(4497, '7.5 R'),
(4498, '7.5 N'),
(4499, '7.5 Medium BM'),
(4500, '7.5 M US'),
(4501, '7.5 M'),
(4502, '7.5 DM US'),
(4503, '7.5 C/D US'),
(4504, '7.5 BM US Women'),
(4505, '7.5 BM US'),
(4506, '7.5'),
(4507, '7.0M'),
(4508, '7 WW'),
(4509, '7 Women US'),
(4510, '7 Wide CDW'),
(4511, '7 W'),
(4512, '7 US / 37.5 EU'),
(4513, '7 US'),
(4514, '7 S'),
(4515, '7 N'),
(4516, '7 Medium BM'),
(4517, '7 M US Women'),
(4518, '7 M US'),
(4519, '7 M'),
(4520, '7 Extra Wide E WW'),
(4521, '7 DM US'),
(4522, '7 BM US Women'),
(4523, '7 BM US'),
(4524, '7 B M US'),
(4525, '7 B'),
(4526, '6W'),
(4527, '6N'),
(4528, '6M Regular'),
(4529, '6M'),
(4530, '6.5W'),
(4531, '6.5M'),
(4532, '6.5 WW'),
(4533, '6.5 W US'),
(4534, '6.5 W'),
(4535, '6.5 US / 37 EU'),
(4536, '6.5 Standard'),
(4537, '6.5 S'),
(4538, '6.5 Narrow AAN'),
(4539, '6.5 N'),
(4540, '6.5 Medium BM'),
(4541, '6.5 M US Women'),
(4542, '6.5 M US'),
(4543, '6.5 M'),
(4544, '6.5 D'),
(4545, '6.5 Boot'),
(4546, '6.5 BM US Women'),
(4547, '6.5 BM US'),
(4548, '6.5 B US'),
(4549, '6.5'),
(4550, '6 WW'),
(4551, '6 W'),
(4552, '6 Standard'),
(4553, '6 S'),
(4554, '6 N'),
(4555, '6 Medium D M'),
(4556, '6 Medium BM'),
(4557, '6 Medium B M US'),
(4558, '6 M US Women'),
(4559, '6 M US'),
(4560, '6 M'),
(4561, '6 Extra Wide E WW'),
(4562, '6 Boot'),
(4563, '6 BM US Women / 4.5 DM US Men'),
(4564, '6 BM US Women'),
(4565, '6 BM US'),
(4566, '6 B US'),
(4567, '6 B M US'),
(4568, '6 2W US'),
(4569, '6 1/2 0650'),
(4570, '6 0600'),
(4571, '5W'),
(4572, '5M'),
(4573, '55 M US Women'),
(4574, '5.5W'),
(4575, '5.5N'),
(4576, '5.5M'),
(4577, '5.5 Standard'),
(4578, '5.5 Medium BM'),
(4579, '5.5 M US Women'),
(4580, '5.5 M US'),
(4581, '5.5 M'),
(4582, '5.5 BM US'),
(4583, '5.5'),
(4584, '5.0M'),
(4585, '5-5.5'),
(4586, '5 W'),
(4587, '5 Standard'),
(4588, '5 Medium BM'),
(4589, '5 M US'),
(4590, '5 M'),
(4591, '5 BM US'),
(4592, '4M'),
(4593, '42 EU / 10.5-11 US'),
(4594, '41 M EU / 9.5-10 BM US'),
(4595, '41 M EU / 10.5-11 BM US'),
(4596, '41 EU'),
(4597, '40 MediumBM'),
(4598, '40 M EU / 9-9.5 BM US'),
(4599, '40 M EU / 9 BM US'),
(4600, '40 M EU / 10 BM US'),
(4601, '40 EU / 9-9.5 US'),
(4602, '40 EU / 9 US'),
(4603, '40 EU'),
(4604, '4.5M'),
(4605, '4.5'),
(4606, '4.0M'),
(4607, '4 M'),
(4608, '39 M EU Women'),
(4609, '39 M EU / 8.5-9 BM US'),
(4610, '39 M EU / 8.5 BM US'),
(4611, '39 EU'),
(4612, '38 M EU Women'),
(4613, '38 M EU / 8-8.5 BM US'),
(4614, '38 M EU / 7.5-8 BM US'),
(4615, '38 M EU'),
(4616, '38 EU Women'),
(4617, '38 EU / 7.5-8 US'),
(4618, '37 Medium BM'),
(4619, '37 M EU Women'),
(4620, '37 M EU / 7-7.5 BM US'),
(4621, '37 M EU / 6.5-7 BM US'),
(4622, '37 M'),
(4623, '37 EU / 6.5-7 US'),
(4624, '37 EU'),
(4625, '36 Medium BM'),
(4626, '36 M EU / 6 BM US'),
(4627, '36 M EU / 5.5-6 BM US'),
(4628, '36 EU / 5.5-6 US'),
(4629, '36 EU'),
(4630, '35-36'),
(4631, '35 EU / 5-5.5 US'),
(4632, '35 5 M'),
(4633, '3.5'),
(4634, '3 M US Little Kid'),
(4635, '2XL'),
(4636, '2 UK US'),
(4637, '2 M US Little Kid'),
(4638, '14M'),
(4639, '13WW'),
(4640, '13M'),
(4641, '13 WW'),
(4642, '13 W'),
(4643, '13 S'),
(4644, '13 N'),
(4645, '12W'),
(4646, '12M'),
(4647, '12 XX-Wide4E US'),
(4648, '12 WW US'),
(4649, '12 WW'),
(4650, '12 Narrow AAN'),
(4651, '12 Medium BM'),
(4652, '12 M US Little Kid'),
(4653, '12 M'),
(4654, '11W'),
(4655, '11N'),
(4656, '11M'),
(4657, '11.5WW'),
(4658, '11.5M'),
(4659, '11.5 WW'),
(4660, '11.5 S'),
(4661, '11.5 N'),
(4662, '11.5'),
(4663, '11 Wide CDW'),
(4664, '11 W'),
(4665, '11 Standard'),
(4666, '11 Narrow AAN'),
(4667, '11 N US'),
(4668, '11 N'),
(4669, '11 Medium BM'),
(4670, '11 M US'),
(4671, '11 M'),
(4672, '11 Boot'),
(4673, '11 BM US'),
(4674, '11 B US'),
(4675, '11 1/2 1150'),
(4676, '10W'),
(4677, '10M'),
(4678, '10.5W'),
(4679, '10.5M'),
(4680, '10.5 W'),
(4681, '10.5 S'),
(4682, '10.5 N'),
(4683, '10.5 M US'),
(4684, '10.5 M'),
(4685, '10.5 Boot'),
(4686, '10.5 BM US'),
(4687, '10.5 B US'),
(4688, '10.5'),
(4689, '10.0M'),
(4690, '10 WW'),
(4691, '10 W'),
(4692, '10 Standard'),
(4693, '10 Narrow AAN'),
(4694, '10 N'),
(4695, '10 Medium BM'),
(4696, '10 M US Women'),
(4697, '10 M US Toddler'),
(4698, '10 M US'),
(4699, '10 M'),
(4700, '10 Boot'),
(4701, '10 BM US Women'),
(4702, '10 BM US'),
(4703, '10 BM'),
(4704, '10 B US'),
(4705, '10 B M US'),
(4706, '1 M US Little Kid'),
(4707, '07.5 UK');

--
-- Indexen voor geëxporteerde tabellen
--

--
-- Indexen voor tabel `brands`
--
ALTER TABLE `brands`
  ADD PRIMARY KEY (`id`);

--
-- Indexen voor tabel `brands_models`
--
ALTER TABLE `brands_models`
  ADD PRIMARY KEY (`id`),
  ADD KEY `brands_id` (`brands_id`),
  ADD KEY `models_id` (`models_id`);

--
-- Indexen voor tabel `models`
--
ALTER TABLE `models`
  ADD PRIMARY KEY (`id`);

--
-- Indexen voor tabel `models_sizes`
--
ALTER TABLE `models_sizes`
  ADD PRIMARY KEY (`id`),
  ADD KEY `models_id` (`models_id`),
  ADD KEY `sizes_id` (`sizes_id`);

--
-- Indexen voor tabel `orders`
--
ALTER TABLE `orders`
  ADD PRIMARY KEY (`id`),
  ADD KEY `brand_id` (`brand_id`),
  ADD KEY `model_id` (`model_id`),
  ADD KEY `size_id` (`size_id`);

--
-- Indexen voor tabel `sizes`
--
ALTER TABLE `sizes`
  ADD PRIMARY KEY (`id`);

--
-- AUTO_INCREMENT voor geëxporteerde tabellen
--

--
-- AUTO_INCREMENT voor een tabel `brands`
--
ALTER TABLE `brands`
  MODIFY `id` int(11) NOT NULL AUTO_INCREMENT, AUTO_INCREMENT=15855;

--
-- AUTO_INCREMENT voor een tabel `brands_models`
--
ALTER TABLE `brands_models`
  MODIFY `id` int(11) NOT NULL AUTO_INCREMENT, AUTO_INCREMENT=32230;

--
-- AUTO_INCREMENT voor een tabel `models`
--
ALTER TABLE `models`
  MODIFY `id` int(11) NOT NULL AUTO_INCREMENT, AUTO_INCREMENT=21457;

--
-- AUTO_INCREMENT voor een tabel `models_sizes`
--
ALTER TABLE `models_sizes`
  MODIFY `id` int(11) NOT NULL AUTO_INCREMENT, AUTO_INCREMENT=31077;

--
-- AUTO_INCREMENT voor een tabel `orders`
--
ALTER TABLE `orders`
  MODIFY `id` int(11) NOT NULL AUTO_INCREMENT;

--
-- AUTO_INCREMENT voor een tabel `sizes`
--
ALTER TABLE `sizes`
  MODIFY `id` int(11) NOT NULL AUTO_INCREMENT, AUTO_INCREMENT=4708;
COMMIT;

/*!40101 SET CHARACTER_SET_CLIENT=@OLD_CHARACTER_SET_CLIENT */;
/*!40101 SET CHARACTER_SET_RESULTS=@OLD_CHARACTER_SET_RESULTS */;
/*!40101 SET COLLATION_CONNECTION=@OLD_COLLATION_CONNECTION */;
